# ************************************************************
# Sequel Pro SQL dump
# Version 5446
#
# https://www.sequelpro.com/
# https://github.com/sequelpro/sequelpro
#
# Host: ubuntu16-dev-big.vm (MySQL 5.7.27-0ubuntu0.16.04.1)
# Database: ft_data_processor
# Generation Time: 2019-12-23 06:46:48 +0000
# ************************************************************


/*!40101 SET @OLD_CHARACTER_SET_CLIENT=@@CHARACTER_SET_CLIENT */;
/*!40101 SET @OLD_CHARACTER_SET_RESULTS=@@CHARACTER_SET_RESULTS */;
/*!40101 SET @OLD_COLLATION_CONNECTION=@@COLLATION_CONNECTION */;
/*!40101 SET NAMES utf8 */;
SET NAMES utf8mb4;
/*!40014 SET @OLD_FOREIGN_KEY_CHECKS=@@FOREIGN_KEY_CHECKS, FOREIGN_KEY_CHECKS=0 */;
/*!40101 SET @OLD_SQL_MODE=@@SQL_MODE, SQL_MODE='NO_AUTO_VALUE_ON_ZERO' */;
/*!40111 SET @OLD_SQL_NOTES=@@SQL_NOTES, SQL_NOTES=0 */;


# Dump of table biz_main_crontab_config
# ------------------------------------------------------------

DROP TABLE IF EXISTS `biz_main_crontab_config`;

CREATE TABLE `biz_main_crontab_config` (
  `seq` bigint(20) unsigned NOT NULL AUTO_INCREMENT,
  `id` char(65) CHARACTER SET utf8mb4 COLLATE utf8mb4_bin NOT NULL,
  `title` varchar(256) DEFAULT NULL COMMENT '标题',
  `description` text COMMENT '描述',
  `scriptSetId` char(65) CHARACTER SET utf8mb4 COLLATE utf8mb4_bin NOT NULL COMMENT '脚本集ID',
  `scriptId` char(65) CHARACTER SET utf8mb4 COLLATE utf8mb4_bin NOT NULL COMMENT '脚本ID',
  `funcId` char(65) CHARACTER SET utf8mb4 COLLATE utf8mb4_bin NOT NULL DEFAULT '' COMMENT '函数ID',
  `funcKwargsJSON` json NOT NULL COMMENT '函数参数JSON (kwargs)',
  `crontab` varchar(64) NOT NULL COMMENT '执行频率（Crontab语法）',
  `saveResult` tinyint(1) NOT NULL DEFAULT '0' COMMENT '是否需要保存结果',
  `isEnabled` tinyint(1) NOT NULL DEFAULT '1' COMMENT '是否已启用',
  `disableReason` varchar(65) DEFAULT NULL COMMENT '禁用原因',
  `createTime` timestamp NOT NULL DEFAULT CURRENT_TIMESTAMP,
  `updateTime` timestamp NOT NULL DEFAULT CURRENT_TIMESTAMP ON UPDATE CURRENT_TIMESTAMP,
  PRIMARY KEY (`seq`),
  UNIQUE KEY `ID` (`id`)
) ENGINE=InnoDB DEFAULT CHARSET=utf8mb4 COMMENT='自动触发配置';

LOCK TABLES `biz_main_crontab_config` WRITE;
/*!40000 ALTER TABLE `biz_main_crontab_config` DISABLE KEYS */;

INSERT INTO `biz_main_crontab_config` (`seq`, `id`, `title`, `description`, `scriptSetId`, `scriptId`, `funcId`, `funcKwargsJSON`, `crontab`, `saveResult`, `isEnabled`, `disableReason`, `createTime`, `updateTime`)
VALUES
  (1,X'63726F6E2D47336E44394278795834323256666A3361424B327542','自动触发演示','这是一个自动触发的演示',X'737365742D4868716D71625A34333547633354336B336E4D725556',X'736370742D656B6B336861384259476F616E57327252354E597247',X'66756E632D3534364C6E74794559506D61523258524169375A3764','{\"msg\": \"Yes!\"}','*/5 * * * *',0,0,NULL,'2019-12-09 20:55:50','2019-12-10 14:53:37');

/*!40000 ALTER TABLE `biz_main_crontab_config` ENABLE KEYS */;
UNLOCK TABLES;


# Dump of table biz_main_data_source
# ------------------------------------------------------------

DROP TABLE IF EXISTS `biz_main_data_source`;

CREATE TABLE `biz_main_data_source` (
  `seq` bigint(20) unsigned NOT NULL AUTO_INCREMENT,
  `id` char(65) CHARACTER SET utf8mb4 COLLATE utf8mb4_bin NOT NULL,
  `title` varchar(256) DEFAULT NULL COMMENT '标题',
  `description` text COMMENT '描述',
  `refName` varchar(128) CHARACTER SET utf8mb4 COLLATE utf8mb4_bin NOT NULL COMMENT '引用名',
  `type` varchar(64) NOT NULL COMMENT '类型 influxdb|mysql|redis|..',
  `configJSON` json NOT NULL COMMENT '配置JSON',
  `isBuiltin` tinyint(1) NOT NULL DEFAULT '0' COMMENT '是否为内建数据源',
  `createTime` timestamp NOT NULL DEFAULT CURRENT_TIMESTAMP,
  `updateTime` timestamp NOT NULL DEFAULT CURRENT_TIMESTAMP ON UPDATE CURRENT_TIMESTAMP,
  PRIMARY KEY (`seq`),
  UNIQUE KEY `ID` (`id`),
  UNIQUE KEY `BIZ` (`refName`)
) ENGINE=InnoDB DEFAULT CHARSET=utf8mb4 COMMENT='数据源';

LOCK TABLES `biz_main_data_source` WRITE;
/*!40000 ALTER TABLE `biz_main_data_source` DISABLE KEYS */;

INSERT INTO `biz_main_data_source` (`seq`, `id`, `title`, `description`, `refName`, `type`, `configJSON`, `isBuiltin`, `createTime`, `updateTime`)
VALUES
  (1,X'647372632D66745F696E666C75786462','FT InfluxDB','内置InfluxDB数据源',X'66745F696E666C75786462','influxdb','{\"host\": \"127.0.0.1\", \"port\": 8086, \"user\": null, \"database\": null, \"password\": null}',1,'2019-11-20 09:15:02','2019-12-09 15:29:30'),
  (2,X'647372632D636438796D7242484B5A456459416F73757158485857','演示用InfluxDB','一个用于演示的InfluxDB',X'64656D6F5F696E666C75786462','influxdb','{\"host\": \"127.0.0.1\", \"port\": 8086, \"user\": null, \"charset\": null, \"database\": \"demo\", \"password\": null}',0,'2019-12-09 15:30:11','2019-12-09 15:30:11'),
  (3,X'647372632D566D4862567139675A52353339727145617033666B6D','演示用MySQL','一个用于演示的MySQL',X'64656D6F5F6D7973716C','mysql','{\"host\": \"127.0.0.1\", \"port\": 3306, \"user\": \"dev\", \"charset\": \"utf8mb4\", \"database\": \"demo\", \"password\": \"dev\"}',0,'2019-12-09 15:33:02','2019-12-09 15:33:02'),
  (4,X'647372632D633868455A424E794A755843594E6A41755748614755','演示用Redis','一个用于演示的Redis',X'64656D6F5F7265646973','redis','{\"host\": \"127.0.0.1\", \"port\": 6379, \"database\": \"15\", \"password\": null}',0,'2019-12-09 15:33:57','2019-12-09 15:34:47');

/*!40000 ALTER TABLE `biz_main_data_source` ENABLE KEYS */;
UNLOCK TABLES;


# Dump of table biz_main_func
# ------------------------------------------------------------

DROP TABLE IF EXISTS `biz_main_func`;

CREATE TABLE `biz_main_func` (
  `seq` bigint(20) unsigned NOT NULL AUTO_INCREMENT,
  `id` char(65) CHARACTER SET utf8mb4 COLLATE utf8mb4_bin NOT NULL,
  `title` varchar(256) DEFAULT NULL COMMENT '标题',
  `description` text COMMENT '描述（函数文档）',
  `scriptSetId` char(65) CHARACTER SET utf8mb4 COLLATE utf8mb4_bin NOT NULL COMMENT '所属脚本集ID',
  `scriptId` char(65) CHARACTER SET utf8mb4 COLLATE utf8mb4_bin NOT NULL COMMENT '所属脚本ID',
  `refName` varchar(256) CHARACTER SET utf8mb4 COLLATE utf8mb4_bin NOT NULL DEFAULT '' COMMENT '引用名（函数名）',
  `definition` varchar(256) CHARACTER SET utf8mb4 COLLATE utf8mb4_bin NOT NULL DEFAULT '' COMMENT '定义（函数签名）',
  `kwargsJSON` json NOT NULL COMMENT '命名参数JSON',
  `category` varchar(64) NOT NULL DEFAULT 'general' COMMENT '类别 general|FT.linearPrediction|...',
  `createTime` timestamp NOT NULL DEFAULT CURRENT_TIMESTAMP,
  `updateTime` timestamp NOT NULL DEFAULT CURRENT_TIMESTAMP ON UPDATE CURRENT_TIMESTAMP,
  PRIMARY KEY (`seq`),
  UNIQUE KEY `ID` (`id`),
  UNIQUE KEY `BIZ` (`scriptId`,`refName`),
  KEY `REF_NAME` (`refName`),
  KEY `CATEGORY` (`category`)
) ENGINE=InnoDB DEFAULT CHARSET=utf8mb4 COMMENT='函数';

LOCK TABLES `biz_main_func` WRITE;
/*!40000 ALTER TABLE `biz_main_func` DISABLE KEYS */;

INSERT INTO `biz_main_func` (`seq`, `id`, `title`, `description`, `scriptSetId`, `scriptId`, `refName`, `definition`, `kwargsJSON`, `category`, `createTime`, `updateTime`)
VALUES
  (1,X'66756E632D6F366B756B6434554B624E47434C64344A4767586F39','HelloWorld演示','一个最基本的 Hello World\n调用后返回文本 \"Hello, world\"',X'737365742D4868716D71625A34333547633354336B336E4D725556',X'736370742D656B6B336861384259476F616E57327252354E597247',X'68656C6C6F5F776F726C64',X'68656C6C6F5F776F726C642829','{}','general','2019-12-23 06:46:06','2019-12-23 06:46:06'),
  (2,X'66756E632D3534364C6E74794559506D61523258524169375A3764','附带消息的HelloWorld演示','一个附带`msg`参数的 Hello World\n调用后返回文本 \"Hello, world. <msg>!\"，参数如下：\n    msg <str> 任意信息',X'737365742D4868716D71625A34333547633354336B336E4D725556',X'736370742D656B6B336861384259476F616E57327252354E597247',X'68656C6C6F5F776F726C645F6D7367',X'68656C6C6F5F776F726C645F6D7367286D736729','{\"msg\": null}','general','2019-12-23 06:46:06','2019-12-23 06:46:06'),
  (3,X'66756E632D6963466D6A59395A7937624D66524D6F37707651706E','附带日志输出的HelloWorld演示','一个最附带日志输出的 Hello World\n调用后输出两行日志：\n    Hello,\n    World!',X'737365742D4868716D71625A34333547633354336B336E4D725556',X'736370742D656B6B336861384259476F616E57327252354E597247',X'68656C6C6F5F776F726C645F6C6F67',X'68656C6C6F5F776F726C645F6C6F672829','{}','general','2019-12-23 06:46:06','2019-12-23 06:46:06'),
  (4,X'66756E632D58354E3650484A367564766E70374A6F7A794D587753','脚本故障演示','一个包含除0错误的 Hello World',X'737365742D4868716D71625A34333547633354336B336E4D725556',X'736370742D656B6B336861384259476F616E57327252354E597247',X'68656C6C6F5F776F726C645F657272',X'68656C6C6F5F776F726C645F6572722829','{}','general','2019-12-23 06:46:06','2019-12-23 06:46:06'),
  (5,X'66756E632D75694A595A62474C5164425A65424D53396456596252','InfluxDB操作演示','本函数从数据源`demo_influxdb`中查询3条`demo`指标',X'737365742D4868716D71625A34333547633354336B336E4D725556',X'736370742D6F75765550686A544E396552524A655747557578726B',X'696E666C757864625F64656D6F',X'696E666C757864625F64656D6F2829','{}','general','2019-12-23 06:46:10','2019-12-23 06:46:10'),
  (6,X'66756E632D48443666744650754871464656625252737768427242','MySQL操作演示','本函数从数据源`demo_mysql`中查询`demo`表数据',X'737365742D4868716D71625A34333547633354336B336E4D725556',X'736370742D6F75765550686A544E396552524A655747557578726B',X'6D7973716C5F64656D6F',X'6D7973716C5F64656D6F2829','{}','general','2019-12-23 06:46:10','2019-12-23 06:46:10'),
  (7,X'66756E632D664A4A374E44375351367755744E61355A56674B6D62','Redis操作演示','本函数对数据源`demo_redis`中的`demo`键进行加一计数\n并返回当前`demo`键的值',X'737365742D4868716D71625A34333547633354336B336E4D725556',X'736370742D6F75765550686A544E396552524A655747557578726B',X'72656469735F64656D6F',X'72656469735F64656D6F2829','{}','general','2019-12-23 06:46:10','2019-12-23 06:46:10'),
  (8,X'66756E632D39774B50445774577354374238777534454B48326E66','使用Numpy进行预测演示','简单的线性预测\n输入一个纯数字数组，输出预测所得的下一个数字，如：\n    等差数列：     [1, 2, 3, 4, 5, 6, 7]    => 8.0\n    等比数列：     [1, 2, 4, 8, 16, 32, 64] => 128.00000000000003\n    斐波那契额数列：[1, 1, 2, 3, 5, 8, 13]   => 20.999999999999996',X'737365742D4868716D71625A34333547633354336B336E4D725556',X'736370742D716A58477142644E584D435043556E6B675448524461',X'6C696E6561725F64656D6F',X'6C696E6561725F64656D6F286E756D6265725F617272617929','{\"number_array\": null}','general','2019-12-23 06:46:15','2019-12-23 06:46:15'),
  (9,X'66756E632D38424772324C33764D6D744A396E7A4E366350487254','Mock预测函数','一个对时序数据进行预测的Mock函数\n参数：\n    dps【必须】: [ [<UNIX时间戳（毫秒）>, <数值>], [<UNIX时间戳（毫秒）>, <数值>], ... ]\n    next_count: <预测点数量>\n返回：\n    [ [<UNIX时间戳（毫秒）>, <数值>], [<UNIX时间戳（毫秒）>, <数值>], ... ]',X'737365742D4868716D71625A34333547633354336B336E4D725556',X'736370742D716A58477142644E584D435043556E6B675448524461',X'6D6F636B5F70726564696374696F6E',X'6D6F636B5F70726564696374696F6E286470732C206E6578745F636F756E743D3129','{\"dps\": null, \"next_count\": null}','prediction','2019-12-23 06:46:15','2019-12-23 06:46:15'),
  (10,X'66756E632D4237336E4B6A5079515146527358655556644E394750','Mock转换函数','一个对时序数据进行转换的Mock函数\n参数：\n    dps【必须】: [ [<UNIX时间戳（毫秒）>, <数值>], [<UNIX时间戳（毫秒）>, <数值>], ... ]\n    method: \"+\"|\"-\"|\"*\"|\"/\"|\"pow\"|\"log\"\n    value: 仅在 method=\"+\"|\"-\"|\"*\"|\"/\"|\"pow\" 时有效',X'737365742D4868716D71625A34333547633354336B336E4D725556',X'736370742D716A58477142644E584D435043556E6B675448524461',X'6D6F636B5F7472616E73666F726D6174696F6E',X'6D6F636B5F7472616E73666F726D6174696F6E286470732C206D6574686F643D4E6F6E652C2076616C75653D4E6F6E6529','{\"dps\": null, \"value\": null, \"method\": null}','transformation','2019-12-23 06:46:15','2019-12-23 06:46:15'),
  (11,X'66756E632D71534E6358636B506D54706446514C5A346447684755','Mock动作函数','一个根据参数执行动作的函数，参数不固定\n本例中，向「FT产品开发经理群」发送一条markdown 消息',X'737365742D4868716D71625A34333547633354336B336E4D725556',X'736370742D716A58477142644E584D435043556E6B675448524461',X'6D6F636B5F616374696F6E',X'6D6F636B5F616374696F6E287469746C653D4E6F6E652C20636F6E74656E743D4E6F6E6529','{\"title\": null, \"content\": null}','action','2019-12-23 06:46:15','2019-12-23 06:46:15'),
  (12,X'66756E632D6F424B4E626F755A7045516A6B476B7A666847354B6B','Mock命令函数','一个根据参数执行命令的函数，参数不固定\n本例中，向「FT产品开发经理群」发送一条markdown 消息',X'737365742D4868716D71625A34333547633354336B336E4D725556',X'736370742D716A58477142644E584D435043556E6B675448524461',X'6D6F636B5F636F6D6D616E64',X'6D6F636B5F636F6D6D616E64287469746C653D4E6F6E652C20636F6E74656E743D4E6F6E6529','{\"title\": null, \"content\": null}','command','2019-12-23 06:46:15','2019-12-23 06:46:15');

/*!40000 ALTER TABLE `biz_main_func` ENABLE KEYS */;
UNLOCK TABLES;


# Dump of table biz_main_script
# ------------------------------------------------------------

DROP TABLE IF EXISTS `biz_main_script`;

CREATE TABLE `biz_main_script` (
  `seq` bigint(20) unsigned NOT NULL AUTO_INCREMENT,
  `id` char(65) CHARACTER SET utf8mb4 COLLATE utf8mb4_bin NOT NULL,
  `title` varchar(256) DEFAULT NULL COMMENT '标题',
  `description` text COMMENT '描述',
  `scriptSetId` char(65) CHARACTER SET utf8mb4 COLLATE utf8mb4_bin NOT NULL COMMENT '所属脚本集ID',
  `refName` varchar(128) CHARACTER SET utf8mb4 COLLATE utf8mb4_bin NOT NULL COMMENT '引用名',
  `publishVersion` bigint(20) NOT NULL DEFAULT '0' COMMENT '发布版本',
  `code` longtext CHARACTER SET utf8mb4 COLLATE utf8mb4_bin COMMENT '代码',
  `codeMD5` char(65) CHARACTER SET utf8mb4 COLLATE utf8mb4_bin DEFAULT NULL COMMENT '代码MD5',
  `codeDraft` longtext CHARACTER SET utf8mb4 COLLATE utf8mb4_bin COMMENT '代码（编辑中草稿）',
  `codeDraftMD5` char(65) CHARACTER SET utf8mb4 COLLATE utf8mb4_bin DEFAULT NULL COMMENT '代码（编辑中草稿）MD5',
  `createTime` timestamp NOT NULL DEFAULT CURRENT_TIMESTAMP,
  `updateTime` timestamp NOT NULL DEFAULT CURRENT_TIMESTAMP ON UPDATE CURRENT_TIMESTAMP,
  PRIMARY KEY (`seq`),
  UNIQUE KEY `ID` (`id`),
  UNIQUE KEY `BIZ` (`scriptSetId`,`refName`),
  FULLTEXT KEY `FT` (`refName`,`code`,`codeDraft`)
) ENGINE=InnoDB DEFAULT CHARSET=utf8mb4 COMMENT='脚本';

LOCK TABLES `biz_main_script` WRITE;
/*!40000 ALTER TABLE `biz_main_script` DISABLE KEYS */;

INSERT INTO `biz_main_script` (`seq`, `id`, `title`, `description`, `scriptSetId`, `refName`, `publishVersion`, `code`, `codeMD5`, `codeDraft`, `codeDraftMD5`, `createTime`, `updateTime`)
VALUES
  (1,X'736370742D656B6B336861384259476F616E57327252354E597247','简单函数','主要包含了一些简单函数的DEMO',X'737365742D4868716D71625A34333547633354336B336E4D725556',X'73696D706C65',2,X'404446462E415049282748656C6C6F576F726C64E6BC94E7A4BA27290A6465662068656C6C6F5F776F726C6428293A0A202020202727270A20202020E4B880E4B8AAE69C80E59FBAE69CACE79A842048656C6C6F20576F726C640A20202020E8B083E794A8E5908EE8BF94E59B9EE69687E69CAC202248656C6C6F2C20776F726C64220A202020202727270A2020202072657475726E202748656C6C6F2C20776F726C64270A0A404446462E4150492827E99984E5B8A6E6B688E681AFE79A8448656C6C6F576F726C64E6BC94E7A4BA27290A6465662068656C6C6F5F776F726C645F6D7367286D7367293A0A202020202727270A20202020E4B880E4B8AAE99984E5B8A6606D736760E58F82E695B0E79A842048656C6C6F20576F726C640A20202020E8B083E794A8E5908EE8BF94E59B9EE69687E69CAC202248656C6C6F2C20776F726C642E203C6D73673E2122EFBC8CE58F82E695B0E5A682E4B88BEFBC9A0A20202020202020206D7367203C7374723E20E4BBBBE6848FE4BFA1E681AF0A202020202727270A2020202072657475726E202748656C6C6F2C20776F726C642E207B7D21272E666F726D6174286D7367290A0A404446462E4150492827E99984E5B8A6E697A5E5BF97E8BE93E587BAE79A8448656C6C6F576F726C64E6BC94E7A4BA27290A6465662068656C6C6F5F776F726C645F6C6F6728293A0A202020202727270A20202020E4B880E4B8AAE69C80E99984E5B8A6E697A5E5BF97E8BE93E587BAE79A842048656C6C6F20576F726C640A20202020E8B083E794A8E5908EE8BE93E587BAE4B8A4E8A18CE697A5E5BF97EFBC9A0A202020202020202048656C6C6F2C0A2020202020202020576F726C64210A202020202727270A202020204446462E6C6F67282748656C6C6F2C27290A202020204446462E6C6F672827576F726C642127290A2020202072657475726E202748656C6C6F2C20776F726C64270A0A404446462E4150492827E8849AE69CACE69585E99A9CE6BC94E7A4BA27290A6465662068656C6C6F5F776F726C645F65727228293A0A202020202727270A20202020E4B880E4B8AAE58C85E590ABE999A430E99499E8AFAFE79A842048656C6C6F20576F726C640A202020202727270A2020202061203D203130202F20300A2020202072657475726E202748656C6C6F2C20776F726C6427',X'3133373332383731646335633938363931646463313564366630383736636335',X'404446462E415049282748656C6C6F576F726C64E6BC94E7A4BA27290A6465662068656C6C6F5F776F726C6428293A0A202020202727270A20202020E4B880E4B8AAE69C80E59FBAE69CACE79A842048656C6C6F20576F726C640A20202020E8B083E794A8E5908EE8BF94E59B9EE69687E69CAC202248656C6C6F2C20776F726C64220A202020202727270A2020202072657475726E202748656C6C6F2C20776F726C64270A0A404446462E4150492827E99984E5B8A6E6B688E681AFE79A8448656C6C6F576F726C64E6BC94E7A4BA27290A6465662068656C6C6F5F776F726C645F6D7367286D7367293A0A202020202727270A20202020E4B880E4B8AAE99984E5B8A6606D736760E58F82E695B0E79A842048656C6C6F20576F726C640A20202020E8B083E794A8E5908EE8BF94E59B9EE69687E69CAC202248656C6C6F2C20776F726C642E203C6D73673E2122EFBC8CE58F82E695B0E5A682E4B88BEFBC9A0A20202020202020206D7367203C7374723E20E4BBBBE6848FE4BFA1E681AF0A202020202727270A2020202072657475726E202748656C6C6F2C20776F726C642E207B7D21272E666F726D6174286D7367290A0A404446462E4150492827E99984E5B8A6E697A5E5BF97E8BE93E587BAE79A8448656C6C6F576F726C64E6BC94E7A4BA27290A6465662068656C6C6F5F776F726C645F6C6F6728293A0A202020202727270A20202020E4B880E4B8AAE69C80E99984E5B8A6E697A5E5BF97E8BE93E587BAE79A842048656C6C6F20576F726C640A20202020E8B083E794A8E5908EE8BE93E587BAE4B8A4E8A18CE697A5E5BF97EFBC9A0A202020202020202048656C6C6F2C0A2020202020202020576F726C64210A202020202727270A202020204446462E6C6F67282748656C6C6F2C27290A202020204446462E6C6F672827576F726C642127290A2020202072657475726E202748656C6C6F2C20776F726C64270A0A404446462E4150492827E8849AE69CACE69585E99A9CE6BC94E7A4BA27290A6465662068656C6C6F5F776F726C645F65727228293A0A202020202727270A20202020E4B880E4B8AAE58C85E590ABE999A430E99499E8AFAFE79A842048656C6C6F20576F726C640A202020202727270A2020202061203D203130202F20300A2020202072657475726E202748656C6C6F2C20776F726C6427',X'3133373332383731646335633938363931646463313564366630383736636335','2019-12-09 15:21:51','2019-12-23 06:46:06'),
  (2,X'736370742D6F75765550686A544E396552524A655747557578726B','数据源调用函数','主要包含了一些设计数据源调用函数的DEMO',X'737365742D4868716D71625A34333547633354336B336E4D725556',X'64617461736F75726365',2,X'404446462E4150492827496E666C75784442E6938DE4BD9CE6BC94E7A4BA27290A64656620696E666C757864625F64656D6F28293A0A202020202727270A20202020E69CACE587BDE695B0E4BB8EE695B0E68DAEE6BA906064656D6F5F696E666C7578646260E4B8ADE69FA5E8AFA233E69DA16064656D6F60E68C87E6A0870A202020202727270A202020206462203D204446462E48454C504552282764656D6F5F696E666C7578646227290A2020202072657475726E2064622E7175657279282753454C454354202A2046524F4D2064656D6F204C494D4954203327290A0A404446462E41504928274D7953514CE6938DE4BD9CE6BC94E7A4BA27290A646566206D7973716C5F64656D6F28293A0A202020202727270A20202020E69CACE587BDE695B0E4BB8EE695B0E68DAEE6BA906064656D6F5F6D7973716C60E4B8ADE69FA5E8AFA26064656D6F60E8A1A8E695B0E68DAE0A202020202727270A202020206462203D204446462E48454C504552282764656D6F5F6D7973716C27290A2020202072657475726E2064622E7175657279282753454C454354202A2046524F4D2064656D6F27290A0A404446462E41504928275265646973E6938DE4BD9CE6BC94E7A4BA27290A6465662072656469735F64656D6F28293A0A202020202727270A20202020E69CACE587BDE695B0E5AFB9E695B0E68DAEE6BA906064656D6F5F726564697360E4B8ADE79A846064656D6F60E994AEE8BF9BE8A18CE58AA0E4B880E8AEA1E695B00A20202020E5B9B6E8BF94E59B9EE5BD93E5898D6064656D6F60E994AEE79A84E580BC0A202020202727270A202020206462203D204446462E48454C504552282764656D6F5F726564697327290A2020202064622E72756E2827696E6372272C202764656D6F27290A2020202072657475726E2064622E72756E2827676574272C202764656D6F2729',X'3164346435653863323366343662396339313031326164613939656264633563',X'404446462E4150492827496E666C75784442E6938DE4BD9CE6BC94E7A4BA27290A64656620696E666C757864625F64656D6F28293A0A202020202727270A20202020E69CACE587BDE695B0E4BB8EE695B0E68DAEE6BA906064656D6F5F696E666C7578646260E4B8ADE69FA5E8AFA233E69DA16064656D6F60E68C87E6A0870A202020202727270A202020206462203D204446462E48454C504552282764656D6F5F696E666C7578646227290A2020202072657475726E2064622E7175657279282753454C454354202A2046524F4D2064656D6F204C494D4954203327290A0A404446462E41504928274D7953514CE6938DE4BD9CE6BC94E7A4BA27290A646566206D7973716C5F64656D6F28293A0A202020202727270A20202020E69CACE587BDE695B0E4BB8EE695B0E68DAEE6BA906064656D6F5F6D7973716C60E4B8ADE69FA5E8AFA26064656D6F60E8A1A8E695B0E68DAE0A202020202727270A202020206462203D204446462E48454C504552282764656D6F5F6D7973716C27290A2020202072657475726E2064622E7175657279282753454C454354202A2046524F4D2064656D6F27290A0A404446462E41504928275265646973E6938DE4BD9CE6BC94E7A4BA27290A6465662072656469735F64656D6F28293A0A202020202727270A20202020E69CACE587BDE695B0E5AFB9E695B0E68DAEE6BA906064656D6F5F726564697360E4B8ADE79A846064656D6F60E994AEE8BF9BE8A18CE58AA0E4B880E8AEA1E695B00A20202020E5B9B6E8BF94E59B9EE5BD93E5898D6064656D6F60E994AEE79A84E580BC0A202020202727270A202020206462203D204446462E48454C504552282764656D6F5F726564697327290A2020202064622E72756E2827696E6372272C202764656D6F27290A2020202072657475726E2064622E72756E2827676574272C202764656D6F2729',X'3164346435653863323366343662396339313031326164613939656264633563','2019-12-09 15:25:22','2019-12-23 06:46:10'),
  (3,X'736370742D716A58477142644E584D435043556E6B675448524461','FT预测函数示例','包含一些FT专用的预测函数',X'737365742D4868716D71625A34333547633354336B336E4D725556',X'66745F70726564',2,X'696D706F7274206E756D7079206173206E700A696D706F72742072616E646F6D0A696D706F7274206D6174680A696D706F72742072657175657374730A0A404446462E4150492827E4BDBFE794A84E756D7079E8BF9BE8A18CE9A284E6B58BE6BC94E7A4BA27290A646566206C696E6561725F64656D6F286E756D6265725F6172726179293A0A202020202727270A20202020E7AE80E58D95E79A84E7BABFE680A7E9A284E6B58B0A20202020E8BE93E585A5E4B880E4B8AAE7BAAFE695B0E5AD97E695B0E7BB84EFBC8CE8BE93E587BAE9A284E6B58BE68980E5BE97E79A84E4B88BE4B880E4B8AAE695B0E5AD97EFBC8CE5A682EFBC9A0A2020202020202020E7AD89E5B7AEE695B0E58897EFBC9A20202020205B312C20322C20332C20342C20352C20362C20375D202020203D3E20382E300A2020202020202020E7AD89E6AF94E695B0E58897EFBC9A20202020205B312C20322C20342C20382C2031362C2033322C2036345D203D3E203132382E30303030303030303030303030330A2020202020202020E69690E6B3A2E982A3E5A591E9A29DE695B0E58897EFBC9A5B312C20312C20322C20332C20352C20382C2031335D2020203D3E2032302E3939393939393939393939393939360A202020202727270A2020202064617461203D206E702E6172726179286E756D6265725F6172726179290A0A202020204E203D20330A2020202070726564203D206E702E7A65726F7328646174612E73697A65202D2032202A204E202B2031290A20202020666F72206920696E2072616E676528707265642E73697A65293A0A202020202020202041203D206E702E7A65726F7328284E2C204E29290A2020202020202020666F72206A20696E2072616E6765284E293A0A202020202020202020202020415B6A2C5D203D20646174615B69202B206A3A69202B206A202B204E5D0A202020202020202042203D20646174615B69202B204E3A69202B204E202A20325D0A0A202020202020202058203D206E702E6C696E616C672E6C7374737128412C20422C2072636F6E643D4E6F6E65295B305D0A0A2020202020202020707265645B695D203D20422E646F742858290A0A2020202072657475726E20707265645B2D315D0A0A64656620746573745F6C696E6561725F64656D6F28293A0A2020202072657475726E20280A20202020202020206C696E6561725F64656D6F285B312C20322C20332C20342C20352C20362C20375D292C0A20202020202020206C696E6561725F64656D6F285B312C20322C20342C20382C2031362C2033322C2036345D292C0A20202020202020206C696E6561725F64656D6F285B312C20312C20322C20332C20352C20382C2031335D290A20202020290A0A404446462E41504928274D6F636BE9A284E6B58BE587BDE695B0272C2063617465676F72793D2770726564696374696F6E27290A646566206D6F636B5F70726564696374696F6E286470732C206E6578745F636F756E743D31293A0A202020202727270A20202020E4B880E4B8AAE5AFB9E697B6E5BA8FE695B0E68DAEE8BF9BE8A18CE9A284E6B58BE79A844D6F636BE587BDE695B00A20202020E58F82E695B0EFBC9A0A2020202020202020647073E38090E5BF85E9A1BBE380913A205B205B3C554E4958E697B6E997B4E688B3EFBC88E6AFABE7A792EFBC893E2C203CE695B0E580BC3E5D2C205B3C554E4958E697B6E997B4E688B3EFBC88E6AFABE7A792EFBC893E2C203CE695B0E580BC3E5D2C202E2E2E205D0A20202020202020206E6578745F636F756E743A203CE9A284E6B58BE782B9E695B0E9878F3E0A20202020E8BF94E59B9EEFBC9A0A20202020202020205B205B3C554E4958E697B6E997B4E688B3EFBC88E6AFABE7A792EFBC893E2C203CE695B0E580BC3E5D2C205B3C554E4958E697B6E997B4E688B3EFBC88E6AFABE7A792EFBC893E2C203CE695B0E580BC3E5D2C202E2E2E205D0A202020202727270A202020206966206C656E2864707329203C20323A0A2020202020202020726169736520457863657074696F6E282742616420706172616D657465723A2060647073602E20506C6561736520656E7375726520606C656E2864707329203E3D2032602E27290A0A202020206E6578745F636F756E74203D20696E74286E6578745F636F756E74290A202020206966206E6578745F636F756E74203C20313A0A2020202020202020726169736520457863657074696F6E282742616420706172616D657465723A20606E6578745F636F756E74602E20506C6561736520656E7375726520606E6578745F636F756E74203E3D2031602E27290A0A2020202074696D655F64656C7461203D206470735B2D315D5B305D202D206470735B2D325D5B305D0A202020206C6173745F706F696E74203D206470735B2D315D0A0A20202020726574203D205B5D0A20202020666F72206920696E2072616E6765286E6578745F636F756E74293A0A20202020202020207265742E617070656E64285B0A2020202020202020202020206C6173745F706F696E745B305D202B2074696D655F64656C7461202A202869202B2031292C0A202020202020202020202020286C6173745F706F696E745B315D206F72203029202B2072616E646F6D2E72616E64696E74282D31302C203130290A20202020202020205D290A2020202072657475726E207265740A0A404446462E41504928274D6F636BE8BDACE68DA2E587BDE695B0272C2063617465676F72793D277472616E73666F726D6174696F6E27290A646566206D6F636B5F7472616E73666F726D6174696F6E286470732C206D6574686F643D4E6F6E652C2076616C75653D4E6F6E65293A0A202020202727270A20202020E4B880E4B8AAE5AFB9E697B6E5BA8FE695B0E68DAEE8BF9BE8A18CE8BDACE68DA2E79A844D6F636BE587BDE695B00A20202020E58F82E695B0EFBC9A0A2020202020202020647073E38090E5BF85E9A1BBE380913A205B205B3C554E4958E697B6E997B4E688B3EFBC88E6AFABE7A792EFBC893E2C203CE695B0E580BC3E5D2C205B3C554E4958E697B6E997B4E688B3EFBC88E6AFABE7A792EFBC893E2C203CE695B0E580BC3E5D2C202E2E2E205D0A20202020202020206D6574686F643A20222B227C222D227C222A227C222F227C22706F77227C226C6F67220A202020202020202076616C75653A20E4BB85E59CA8206D6574686F643D222B227C222D227C222A227C222F227C22706F772220E697B6E69C89E695880A202020202727270A20202020666F72206420696E206470733A0A20202020202020206966206E6F74206973696E7374616E636528645B315D2C2028696E742C20666C6F617429293A0A202020202020202020202020636F6E74696E75650A0A202020202020202069662076616C7565206973206E6F74204E6F6E653A0A2020202020202020202020206966206D6574686F64203D3D20272B273A0A20202020202020202020202020202020645B315D203D20645B315D202B2076616C75650A202020202020202020202020656C6966206D6574686F64203D3D20272D273A0A20202020202020202020202020202020645B315D203D20645B315D202D2076616C75650A202020202020202020202020656C6966206D6574686F64203D3D20272A273A0A20202020202020202020202020202020645B315D203D20645B315D202A2076616C75650A202020202020202020202020656C6966206D6574686F64203D3D20272F273A0A2020202020202020202020202020202069662076616C7565203D3D20303A0A2020202020202020202020202020202020202020645B315D203D20300A20202020202020202020202020202020656C73653A0A2020202020202020202020202020202020202020645B315D203D20645B315D202F2076616C75650A202020202020202020202020656C6966206D6574686F64203D3D2027706F77273A0A20202020202020202020202020202020645B315D203D206D6174682E706F7728645B315D2C2076616C7565290A2020202020202020656C73653A0A2020202020202020202020206966206D6574686F64203D3D20276C6F67273A0A20202020202020202020202020202020645B315D203D206D6174682E6C6F6728645B315D290A0A2020202072657475726E206470730A0A404446462E41504928274D6F636BE58AA8E4BD9CE587BDE695B0272C2063617465676F72793D27616374696F6E27290A646566206D6F636B5F616374696F6E287469746C653D4E6F6E652C20636F6E74656E743D4E6F6E65293A0A202020202727270A20202020E4B880E4B8AAE6A0B9E68DAEE58F82E695B0E689A7E8A18CE58AA8E4BD9CE79A84E587BDE695B0EFBC8CE58F82E695B0E4B88DE59BBAE5AE9A0A20202020E69CACE4BE8BE4B8ADEFBC8CE59091E3808C4654E4BAA7E59381E5BC80E58F91E7BB8FE79086E7BEA4E3808DE58F91E98081E4B880E69DA16D61726B646F776E20E6B688E681AF0A202020202727270A2020202075726C203D202768747470733A2F2F6F6170692E64696E6774616C6B2E636F6D2F726F626F742F73656E643F6163636573735F746F6B656E3D64333161663861393764306635383339636438303364353465366636356564643563653531323732643933323663396232323865373438353064303364376666270A20202020626F6479203D207B0A2020202020202020226D736774797065223A20226D61726B646F776E222C0A2020202020202020226D61726B646F776E223A207B0A202020202020202020202020227469746C65223A20274D6F636BE58AA8E4BD9CE587BDE695B0EFBC9A27202B20287469746C65206F722027E5B08FE58AA8E4BD9C27292C0A2020202020202020202020202274657874223A20274D6F636BE58AA8E4BD9CE587BDE695B0EFBC9A27202B2028636F6E74656E74206F722027E4B880E4BA9BE5B08FE58AA8E4BD9C27290A20202020202020207D0A202020207D0A2020202072203D2072657175657374732E706F73742875726C2C206A736F6E3D626F6479290A202020204446462E6C6F6728722E74657874290A0A404446462E41504928274D6F636BE591BDE4BBA4E587BDE695B0272C2063617465676F72793D27636F6D6D616E6427290A646566206D6F636B5F636F6D6D616E64287469746C653D4E6F6E652C20636F6E74656E743D4E6F6E65293A0A202020202727270A20202020E4B880E4B8AAE6A0B9E68DAEE58F82E695B0E689A7E8A18CE591BDE4BBA4E79A84E587BDE695B0EFBC8CE58F82E695B0E4B88DE59BBAE5AE9A0A20202020E69CACE4BE8BE4B8ADEFBC8CE59091E3808C4654E4BAA7E59381E5BC80E58F91E7BB8FE79086E7BEA4E3808DE58F91E98081E4B880E69DA16D61726B646F776E20E6B688E681AF0A202020202727270A2020202075726C203D202768747470733A2F2F6F6170692E64696E6774616C6B2E636F6D2F726F626F742F73656E643F6163636573735F746F6B656E3D64333161663861393764306635383339636438303364353465366636356564643563653531323732643933323663396232323865373438353064303364376666270A20202020626F6479203D207B0A2020202020202020226D736774797065223A20226D61726B646F776E222C0A2020202020202020226D61726B646F776E223A207B0A202020202020202020202020227469746C65223A20274D6F636BE591BDE4BBA4E587BDE695B0EFBC9A27202B20287469746C65206F722027E9878DE8A681E591BDE4BBA427292C0A2020202020202020202020202274657874223A20274D6F636BE591BDE4BBA4E587BDE695B0EFBC9A27202B2028636F6E74656E74206F722027E4B880E4B8AAE9878DE8A681E591BDE4BBA427290A20202020202020207D0A202020207D0A2020202072203D2072657175657374732E706F73742875726C2C206A736F6E3D626F6479290A202020204446462E6C6F6728722E74657874290A0A64656620746573745F70726564696374696F6E28293A0A20202020647073203D205B205B313537363736353030303130302C2032305D2C205B313537363736353030303230302C204E6F6E655D2C205B313537363736353030303330302C2032355D5D0A2020202072657475726E206D6F636B5F70726564696374696F6E286470732C206E6578745F636F756E743D33290A0A64656620746573745F7472616E73666F726D6174696F6E28293A0A20202020647073203D205B205B313537363736353030303130302C2032305D2C205B313537363736353030303230302C204E6F6E655D2C205B313537363736353030303330302C2032355D5D0A2020202072657475726E206D6F636B5F7472616E73666F726D6174696F6E286470732C206D6574686F643D276C6F6727290A0A64656620746573745F616374696F6E28293A0A2020202072657475726E206D6F636B5F616374696F6E2827E8A7A6E58F91E58AA8E4BD9C272C2027E69C89E4BABAE8A7A6E58F91E4BA86E4B880E4B8AAE58AA8E4BD9C27290A0A64656620746573745F636F6D6D616E6428293A0A2020202072657475726E206D6F636B5F636F6D6D616E642827E8A7A6E58F91E591BDE4BBA4272C2027E69C89E4BABAE8A7A6E58F91E4BA86E4B880E4B8AAE591BDE4BBA42729',X'6463653535653365316337313262653437316466636563656161336264653833',X'696D706F7274206E756D7079206173206E700A696D706F72742072616E646F6D0A696D706F7274206D6174680A696D706F72742072657175657374730A0A404446462E4150492827E4BDBFE794A84E756D7079E8BF9BE8A18CE9A284E6B58BE6BC94E7A4BA27290A646566206C696E6561725F64656D6F286E756D6265725F6172726179293A0A202020202727270A20202020E7AE80E58D95E79A84E7BABFE680A7E9A284E6B58B0A20202020E8BE93E585A5E4B880E4B8AAE7BAAFE695B0E5AD97E695B0E7BB84EFBC8CE8BE93E587BAE9A284E6B58BE68980E5BE97E79A84E4B88BE4B880E4B8AAE695B0E5AD97EFBC8CE5A682EFBC9A0A2020202020202020E7AD89E5B7AEE695B0E58897EFBC9A20202020205B312C20322C20332C20342C20352C20362C20375D202020203D3E20382E300A2020202020202020E7AD89E6AF94E695B0E58897EFBC9A20202020205B312C20322C20342C20382C2031362C2033322C2036345D203D3E203132382E30303030303030303030303030330A2020202020202020E69690E6B3A2E982A3E5A591E9A29DE695B0E58897EFBC9A5B312C20312C20322C20332C20352C20382C2031335D2020203D3E2032302E3939393939393939393939393939360A202020202727270A2020202064617461203D206E702E6172726179286E756D6265725F6172726179290A0A202020204E203D20330A2020202070726564203D206E702E7A65726F7328646174612E73697A65202D2032202A204E202B2031290A20202020666F72206920696E2072616E676528707265642E73697A65293A0A202020202020202041203D206E702E7A65726F7328284E2C204E29290A2020202020202020666F72206A20696E2072616E6765284E293A0A202020202020202020202020415B6A2C5D203D20646174615B69202B206A3A69202B206A202B204E5D0A202020202020202042203D20646174615B69202B204E3A69202B204E202A20325D0A0A202020202020202058203D206E702E6C696E616C672E6C7374737128412C20422C2072636F6E643D4E6F6E65295B305D0A0A2020202020202020707265645B695D203D20422E646F742858290A0A2020202072657475726E20707265645B2D315D0A0A64656620746573745F6C696E6561725F64656D6F28293A0A2020202072657475726E20280A20202020202020206C696E6561725F64656D6F285B312C20322C20332C20342C20352C20362C20375D292C0A20202020202020206C696E6561725F64656D6F285B312C20322C20342C20382C2031362C2033322C2036345D292C0A20202020202020206C696E6561725F64656D6F285B312C20312C20322C20332C20352C20382C2031335D290A20202020290A0A404446462E41504928274D6F636BE9A284E6B58BE587BDE695B0272C2063617465676F72793D2770726564696374696F6E27290A646566206D6F636B5F70726564696374696F6E286470732C206E6578745F636F756E743D31293A0A202020202727270A20202020E4B880E4B8AAE5AFB9E697B6E5BA8FE695B0E68DAEE8BF9BE8A18CE9A284E6B58BE79A844D6F636BE587BDE695B00A20202020E58F82E695B0EFBC9A0A2020202020202020647073E38090E5BF85E9A1BBE380913A205B205B3C554E4958E697B6E997B4E688B3EFBC88E6AFABE7A792EFBC893E2C203CE695B0E580BC3E5D2C205B3C554E4958E697B6E997B4E688B3EFBC88E6AFABE7A792EFBC893E2C203CE695B0E580BC3E5D2C202E2E2E205D0A20202020202020206E6578745F636F756E743A203CE9A284E6B58BE782B9E695B0E9878F3E0A20202020E8BF94E59B9EEFBC9A0A20202020202020205B205B3C554E4958E697B6E997B4E688B3EFBC88E6AFABE7A792EFBC893E2C203CE695B0E580BC3E5D2C205B3C554E4958E697B6E997B4E688B3EFBC88E6AFABE7A792EFBC893E2C203CE695B0E580BC3E5D2C202E2E2E205D0A202020202727270A202020206966206C656E2864707329203C20323A0A2020202020202020726169736520457863657074696F6E282742616420706172616D657465723A2060647073602E20506C6561736520656E7375726520606C656E2864707329203E3D2032602E27290A0A202020206E6578745F636F756E74203D20696E74286E6578745F636F756E74290A202020206966206E6578745F636F756E74203C20313A0A2020202020202020726169736520457863657074696F6E282742616420706172616D657465723A20606E6578745F636F756E74602E20506C6561736520656E7375726520606E6578745F636F756E74203E3D2031602E27290A0A2020202074696D655F64656C7461203D206470735B2D315D5B305D202D206470735B2D325D5B305D0A202020206C6173745F706F696E74203D206470735B2D315D0A0A20202020726574203D205B5D0A20202020666F72206920696E2072616E6765286E6578745F636F756E74293A0A20202020202020207265742E617070656E64285B0A2020202020202020202020206C6173745F706F696E745B305D202B2074696D655F64656C7461202A202869202B2031292C0A202020202020202020202020286C6173745F706F696E745B315D206F72203029202B2072616E646F6D2E72616E64696E74282D31302C203130290A20202020202020205D290A2020202072657475726E207265740A0A404446462E41504928274D6F636BE8BDACE68DA2E587BDE695B0272C2063617465676F72793D277472616E73666F726D6174696F6E27290A646566206D6F636B5F7472616E73666F726D6174696F6E286470732C206D6574686F643D4E6F6E652C2076616C75653D4E6F6E65293A0A202020202727270A20202020E4B880E4B8AAE5AFB9E697B6E5BA8FE695B0E68DAEE8BF9BE8A18CE8BDACE68DA2E79A844D6F636BE587BDE695B00A20202020E58F82E695B0EFBC9A0A2020202020202020647073E38090E5BF85E9A1BBE380913A205B205B3C554E4958E697B6E997B4E688B3EFBC88E6AFABE7A792EFBC893E2C203CE695B0E580BC3E5D2C205B3C554E4958E697B6E997B4E688B3EFBC88E6AFABE7A792EFBC893E2C203CE695B0E580BC3E5D2C202E2E2E205D0A20202020202020206D6574686F643A20222B227C222D227C222A227C222F227C22706F77227C226C6F67220A202020202020202076616C75653A20E4BB85E59CA8206D6574686F643D222B227C222D227C222A227C222F227C22706F772220E697B6E69C89E695880A202020202727270A20202020666F72206420696E206470733A0A20202020202020206966206E6F74206973696E7374616E636528645B315D2C2028696E742C20666C6F617429293A0A202020202020202020202020636F6E74696E75650A0A202020202020202069662076616C7565206973206E6F74204E6F6E653A0A2020202020202020202020206966206D6574686F64203D3D20272B273A0A20202020202020202020202020202020645B315D203D20645B315D202B2076616C75650A202020202020202020202020656C6966206D6574686F64203D3D20272D273A0A20202020202020202020202020202020645B315D203D20645B315D202D2076616C75650A202020202020202020202020656C6966206D6574686F64203D3D20272A273A0A20202020202020202020202020202020645B315D203D20645B315D202A2076616C75650A202020202020202020202020656C6966206D6574686F64203D3D20272F273A0A2020202020202020202020202020202069662076616C7565203D3D20303A0A2020202020202020202020202020202020202020645B315D203D20300A20202020202020202020202020202020656C73653A0A2020202020202020202020202020202020202020645B315D203D20645B315D202F2076616C75650A202020202020202020202020656C6966206D6574686F64203D3D2027706F77273A0A20202020202020202020202020202020645B315D203D206D6174682E706F7728645B315D2C2076616C7565290A2020202020202020656C73653A0A2020202020202020202020206966206D6574686F64203D3D20276C6F67273A0A20202020202020202020202020202020645B315D203D206D6174682E6C6F6728645B315D290A0A2020202072657475726E206470730A0A404446462E41504928274D6F636BE58AA8E4BD9CE587BDE695B0272C2063617465676F72793D27616374696F6E27290A646566206D6F636B5F616374696F6E287469746C653D4E6F6E652C20636F6E74656E743D4E6F6E65293A0A202020202727270A20202020E4B880E4B8AAE6A0B9E68DAEE58F82E695B0E689A7E8A18CE58AA8E4BD9CE79A84E587BDE695B0EFBC8CE58F82E695B0E4B88DE59BBAE5AE9A0A20202020E69CACE4BE8BE4B8ADEFBC8CE59091E3808C4654E4BAA7E59381E5BC80E58F91E7BB8FE79086E7BEA4E3808DE58F91E98081E4B880E69DA16D61726B646F776E20E6B688E681AF0A202020202727270A2020202075726C203D202768747470733A2F2F6F6170692E64696E6774616C6B2E636F6D2F726F626F742F73656E643F6163636573735F746F6B656E3D64333161663861393764306635383339636438303364353465366636356564643563653531323732643933323663396232323865373438353064303364376666270A20202020626F6479203D207B0A2020202020202020226D736774797065223A20226D61726B646F776E222C0A2020202020202020226D61726B646F776E223A207B0A202020202020202020202020227469746C65223A20274D6F636BE58AA8E4BD9CE587BDE695B0EFBC9A27202B20287469746C65206F722027E5B08FE58AA8E4BD9C27292C0A2020202020202020202020202274657874223A20274D6F636BE58AA8E4BD9CE587BDE695B0EFBC9A27202B2028636F6E74656E74206F722027E4B880E4BA9BE5B08FE58AA8E4BD9C27290A20202020202020207D0A202020207D0A2020202072203D2072657175657374732E706F73742875726C2C206A736F6E3D626F6479290A202020204446462E6C6F6728722E74657874290A0A404446462E41504928274D6F636BE591BDE4BBA4E587BDE695B0272C2063617465676F72793D27636F6D6D616E6427290A646566206D6F636B5F636F6D6D616E64287469746C653D4E6F6E652C20636F6E74656E743D4E6F6E65293A0A202020202727270A20202020E4B880E4B8AAE6A0B9E68DAEE58F82E695B0E689A7E8A18CE591BDE4BBA4E79A84E587BDE695B0EFBC8CE58F82E695B0E4B88DE59BBAE5AE9A0A20202020E69CACE4BE8BE4B8ADEFBC8CE59091E3808C4654E4BAA7E59381E5BC80E58F91E7BB8FE79086E7BEA4E3808DE58F91E98081E4B880E69DA16D61726B646F776E20E6B688E681AF0A202020202727270A2020202075726C203D202768747470733A2F2F6F6170692E64696E6774616C6B2E636F6D2F726F626F742F73656E643F6163636573735F746F6B656E3D64333161663861393764306635383339636438303364353465366636356564643563653531323732643933323663396232323865373438353064303364376666270A20202020626F6479203D207B0A2020202020202020226D736774797065223A20226D61726B646F776E222C0A2020202020202020226D61726B646F776E223A207B0A202020202020202020202020227469746C65223A20274D6F636BE591BDE4BBA4E587BDE695B0EFBC9A27202B20287469746C65206F722027E9878DE8A681E591BDE4BBA427292C0A2020202020202020202020202274657874223A20274D6F636BE591BDE4BBA4E587BDE695B0EFBC9A27202B2028636F6E74656E74206F722027E4B880E4B8AAE9878DE8A681E591BDE4BBA427290A20202020202020207D0A202020207D0A2020202072203D2072657175657374732E706F73742875726C2C206A736F6E3D626F6479290A202020204446462E6C6F6728722E74657874290A0A64656620746573745F70726564696374696F6E28293A0A20202020647073203D205B205B313537363736353030303130302C2032305D2C205B313537363736353030303230302C204E6F6E655D2C205B313537363736353030303330302C2032355D5D0A2020202072657475726E206D6F636B5F70726564696374696F6E286470732C206E6578745F636F756E743D33290A0A64656620746573745F7472616E73666F726D6174696F6E28293A0A20202020647073203D205B205B313537363736353030303130302C2032305D2C205B313537363736353030303230302C204E6F6E655D2C205B313537363736353030303330302C2032355D5D0A2020202072657475726E206D6F636B5F7472616E73666F726D6174696F6E286470732C206D6574686F643D276C6F6727290A0A64656620746573745F616374696F6E28293A0A2020202072657475726E206D6F636B5F616374696F6E2827E8A7A6E58F91E58AA8E4BD9C272C2027E69C89E4BABAE8A7A6E58F91E4BA86E4B880E4B8AAE58AA8E4BD9C27290A0A64656620746573745F636F6D6D616E6428293A0A2020202072657475726E206D6F636B5F636F6D6D616E642827E8A7A6E58F91E591BDE4BBA4272C2027E69C89E4BABAE8A7A6E58F91E4BA86E4B880E4B8AAE591BDE4BBA42729',X'6463653535653365316337313262653437316466636563656161336264653833','2019-12-17 13:09:52','2019-12-23 06:46:15');

/*!40000 ALTER TABLE `biz_main_script` ENABLE KEYS */;
UNLOCK TABLES;


# Dump of table biz_main_script_failure
# ------------------------------------------------------------

DROP TABLE IF EXISTS `biz_main_script_failure`;

CREATE TABLE `biz_main_script_failure` (
  `seq` bigint(20) unsigned NOT NULL AUTO_INCREMENT,
  `id` char(65) CHARACTER SET utf8mb4 COLLATE utf8mb4_bin NOT NULL,
  `scriptSetId` char(65) CHARACTER SET utf8mb4 COLLATE utf8mb4_bin NOT NULL COMMENT '脚本集ID',
  `scriptId` char(65) CHARACTER SET utf8mb4 COLLATE utf8mb4_bin NOT NULL COMMENT '脚本ID',
  `scriptPublishVersion` bigint(20) NOT NULL COMMENT '脚本发布版本',
  `funcId` char(65) CHARACTER SET utf8mb4 COLLATE utf8mb4_bin NOT NULL DEFAULT '' COMMENT '函数ID',
  `execMode` varchar(64) CHARACTER SET utf8mb4 COLLATE utf8mb4_bin NOT NULL COMMENT '执行模式 sync|async|crontab',
  `einfoTEXT` text COMMENT '错误信息',
  `exception` varchar(64) DEFAULT NULL COMMENT '异常',
  `traceInfoJSON` json DEFAULT NULL COMMENT '跟踪信息JSON',
  `note` text COMMENT '备注',
  `createTime` timestamp NOT NULL DEFAULT CURRENT_TIMESTAMP,
  `updateTime` timestamp NOT NULL DEFAULT CURRENT_TIMESTAMP ON UPDATE CURRENT_TIMESTAMP,
  PRIMARY KEY (`seq`),
  UNIQUE KEY `ID` (`id`),
  KEY `ENTRY` (`scriptId`,`scriptPublishVersion`,`funcId`),
  KEY `CREATE_TIME` (`createTime`)
) ENGINE=InnoDB DEFAULT CHARSET=utf8mb4 COMMENT='脚本故障信息';

LOCK TABLES `biz_main_script_failure` WRITE;
/*!40000 ALTER TABLE `biz_main_script_failure` DISABLE KEYS */;

INSERT INTO `biz_main_script_failure` (`seq`, `id`, `scriptSetId`, `scriptId`, `scriptPublishVersion`, `funcId`, `execMode`, `einfoTEXT`, `exception`, `traceInfoJSON`, `note`, `createTime`, `updateTime`)
VALUES
  (1,X'7366616C2D62694A43666367435078363667347566506553337A6B',X'737365742D4868716D71625A34333547633354336B336E4D725556',X'736370742D656B6B336861384259476F616E57327252354E597247',1,X'66756E632D58354E3650484A367564766E70374A6F7A794D587753',X'73796E63','Traceback (most recent call last):\n  File \"<FTDataProcessorWorker>/worker/tasks/data_processor/runner.py\", line 333, in ft_data_processor_runner\n    func_result = entry_func(**func_kwargs)\n  File \"<FTDataProcessorWorker>/worker/tasks/data_processor/__init__.py\", line 222, in new_F\n    return F(*args, **kwargs)\n  File \"demo__simple\", line 35, in hello_world_err\n    a = 10 / 0\nZeroDivisionError: integer division or modulo by zero','ZeroDivisionError','{\"stack\": [{\"filename\": \"/mnt/hgfs/git-pastgift/zhuyun/middlewares/ft-data-processor-worker/worker/tasks/data_processor/runner.py\", \"funcname\": \"ft_data_processor_runner\", \"lineCode\": \"func_result = entry_func(**func_kwargs)\", \"isInScript\": false, \"lineNumber\": 333, \"localsInfo\": [], \"formattedLocation\": \"File \\\"<FTDataProcessorWorker>/worker/tasks/data_processor/runner.py\\\", line 333, in ft_data_processor_runner\"}, {\"filename\": \"/mnt/hgfs/git-pastgift/zhuyun/middlewares/ft-data-processor-worker/worker/tasks/data_processor/__init__.py\", \"funcname\": \"new_F\", \"lineCode\": \"return F(*args, **kwargs)\", \"isInScript\": false, \"lineNumber\": 222, \"localsInfo\": [], \"formattedLocation\": \"File \\\"<FTDataProcessorWorker>/worker/tasks/data_processor/__init__.py\\\", line 222, in new_F\"}, {\"filename\": \"demo__simple\", \"funcname\": \"hello_world_err\", \"lineCode\": \"a = 10 / 0\", \"isInScript\": true, \"lineNumber\": 35, \"localsInfo\": [], \"formattedLocation\": \"File \\\"demo__simple\\\", line 35, in hello_world_err\"}], \"header\": \"Traceback (most recent call last):\", \"exceptionDump\": \"ZeroDivisionError: integer division or modulo by zero\"}',NULL,'2019-12-11 04:57:35','2019-12-11 04:57:35');

/*!40000 ALTER TABLE `biz_main_script_failure` ENABLE KEYS */;
UNLOCK TABLES;


# Dump of table biz_main_script_log
# ------------------------------------------------------------

DROP TABLE IF EXISTS `biz_main_script_log`;

CREATE TABLE `biz_main_script_log` (
  `seq` bigint(20) unsigned NOT NULL AUTO_INCREMENT,
  `id` char(65) CHARACTER SET utf8mb4 COLLATE utf8mb4_bin NOT NULL,
  `scriptSetId` char(65) CHARACTER SET utf8mb4 COLLATE utf8mb4_bin NOT NULL COMMENT '脚本集ID',
  `scriptId` char(65) CHARACTER SET utf8mb4 COLLATE utf8mb4_bin NOT NULL COMMENT '脚本ID',
  `scriptPublishVersion` bigint(20) NOT NULL COMMENT '脚本发布版本',
  `funcId` char(65) CHARACTER SET utf8mb4 COLLATE utf8mb4_bin NOT NULL DEFAULT '' COMMENT '函数ID',
  `execMode` varchar(64) CHARACTER SET utf8mb4 COLLATE utf8mb4_bin NOT NULL COMMENT '执行模式 sync|async|crontab',
  `messageTEXT` text COMMENT '错误信息',
  `createTime` timestamp NOT NULL DEFAULT CURRENT_TIMESTAMP,
  `updateTime` timestamp NOT NULL DEFAULT CURRENT_TIMESTAMP ON UPDATE CURRENT_TIMESTAMP,
  PRIMARY KEY (`seq`),
  UNIQUE KEY `ID` (`id`),
  KEY `ENTRY` (`scriptId`,`scriptPublishVersion`,`funcId`),
  KEY `CREATE_TIME` (`createTime`)
) ENGINE=InnoDB DEFAULT CHARSET=utf8mb4 COMMENT='脚本日志信息';

LOCK TABLES `biz_main_script_log` WRITE;
/*!40000 ALTER TABLE `biz_main_script_log` DISABLE KEYS */;

INSERT INTO `biz_main_script_log` (`seq`, `id`, `scriptSetId`, `scriptId`, `scriptPublishVersion`, `funcId`, `execMode`, `messageTEXT`, `createTime`, `updateTime`)
VALUES
  (1,X'736C6F672D4E52336B6D716339504C52637468336D6235455A6856',X'737365742D4868716D71625A34333547633354336B336E4D725556',X'736370742D656B6B336861384259476F616E57327252354E597247',1,X'66756E632D6963466D6A59395A7937624D66524D6F37707651706E',X'73796E63','[2019-12-11 12:57:28] Hello,\n[2019-12-11 12:57:28] World!','2019-12-11 04:57:28','2019-12-11 04:57:28');

/*!40000 ALTER TABLE `biz_main_script_log` ENABLE KEYS */;
UNLOCK TABLES;


# Dump of table biz_main_script_publish_history
# ------------------------------------------------------------

DROP TABLE IF EXISTS `biz_main_script_publish_history`;

CREATE TABLE `biz_main_script_publish_history` (
  `seq` bigint(20) unsigned NOT NULL AUTO_INCREMENT,
  `id` char(65) CHARACTER SET utf8mb4 COLLATE utf8mb4_bin NOT NULL,
  `scriptSetId` char(64) CHARACTER SET utf8mb4 COLLATE utf8mb4_bin NOT NULL COMMENT '脚本集ID',
  `scriptId` char(65) CHARACTER SET utf8mb4 COLLATE utf8mb4_bin NOT NULL COMMENT '脚本ID',
  `scriptPublishVersion` bigint(20) NOT NULL COMMENT '脚本发布版本',
  `scriptCode_cache` longtext CHARACTER SET utf8mb4 COLLATE utf8mb4_bin NOT NULL COMMENT '脚本代码（缓存字段）',
  `note` text COMMENT '发布备注',
  `createTime` timestamp NOT NULL DEFAULT CURRENT_TIMESTAMP,
  `updateTime` timestamp NOT NULL DEFAULT CURRENT_TIMESTAMP ON UPDATE CURRENT_TIMESTAMP,
  PRIMARY KEY (`seq`),
  UNIQUE KEY `ID` (`id`),
  UNIQUE KEY `BIZ` (`scriptId`,`scriptPublishVersion`),
  FULLTEXT KEY `FT` (`scriptCode_cache`)
) ENGINE=InnoDB DEFAULT CHARSET=utf8mb4 COMMENT='脚本发布历史';

LOCK TABLES `biz_main_script_publish_history` WRITE;
/*!40000 ALTER TABLE `biz_main_script_publish_history` DISABLE KEYS */;

INSERT INTO `biz_main_script_publish_history` (`seq`, `id`, `scriptSetId`, `scriptId`, `scriptPublishVersion`, `scriptCode_cache`, `note`, `createTime`, `updateTime`)
VALUES
  (1,X'736370682D334B32337A4E4B7835555873516376566E6265526336',X'737365742D4868716D71625A34333547633354336B336E4D725556',X'736370742D656B6B336861384259476F616E57327252354E597247',2,X'404446462E415049282748656C6C6F576F726C64E6BC94E7A4BA27290A6465662068656C6C6F5F776F726C6428293A0A202020202727270A20202020E4B880E4B8AAE69C80E59FBAE69CACE79A842048656C6C6F20576F726C640A20202020E8B083E794A8E5908EE8BF94E59B9EE69687E69CAC202248656C6C6F2C20776F726C64220A202020202727270A2020202072657475726E202748656C6C6F2C20776F726C64270A0A404446462E4150492827E99984E5B8A6E6B688E681AFE79A8448656C6C6F576F726C64E6BC94E7A4BA27290A6465662068656C6C6F5F776F726C645F6D7367286D7367293A0A202020202727270A20202020E4B880E4B8AAE99984E5B8A6606D736760E58F82E695B0E79A842048656C6C6F20576F726C640A20202020E8B083E794A8E5908EE8BF94E59B9EE69687E69CAC202248656C6C6F2C20776F726C642E203C6D73673E2122EFBC8CE58F82E695B0E5A682E4B88BEFBC9A0A20202020202020206D7367203C7374723E20E4BBBBE6848FE4BFA1E681AF0A202020202727270A2020202072657475726E202748656C6C6F2C20776F726C642E207B7D21272E666F726D6174286D7367290A0A404446462E4150492827E99984E5B8A6E697A5E5BF97E8BE93E587BAE79A8448656C6C6F576F726C64E6BC94E7A4BA27290A6465662068656C6C6F5F776F726C645F6C6F6728293A0A202020202727270A20202020E4B880E4B8AAE69C80E99984E5B8A6E697A5E5BF97E8BE93E587BAE79A842048656C6C6F20576F726C640A20202020E8B083E794A8E5908EE8BE93E587BAE4B8A4E8A18CE697A5E5BF97EFBC9A0A202020202020202048656C6C6F2C0A2020202020202020576F726C64210A202020202727270A202020204446462E6C6F67282748656C6C6F2C27290A202020204446462E6C6F672827576F726C642127290A2020202072657475726E202748656C6C6F2C20776F726C64270A0A404446462E4150492827E8849AE69CACE69585E99A9CE6BC94E7A4BA27290A6465662068656C6C6F5F776F726C645F65727228293A0A202020202727270A20202020E4B880E4B8AAE58C85E590ABE999A430E99499E8AFAFE79A842048656C6C6F20576F726C640A202020202727270A2020202061203D203130202F20300A2020202072657475726E202748656C6C6F2C20776F726C6427','在脚本编辑器(beta)发布','2019-12-23 06:46:06','2019-12-23 06:46:06'),
  (2,X'736370682D655932646E6D624E50567A566E70333863716177776E',X'737365742D4868716D71625A34333547633354336B336E4D725556',X'736370742D6F75765550686A544E396552524A655747557578726B',2,X'404446462E4150492827496E666C75784442E6938DE4BD9CE6BC94E7A4BA27290A64656620696E666C757864625F64656D6F28293A0A202020202727270A20202020E69CACE587BDE695B0E4BB8EE695B0E68DAEE6BA906064656D6F5F696E666C7578646260E4B8ADE69FA5E8AFA233E69DA16064656D6F60E68C87E6A0870A202020202727270A202020206462203D204446462E48454C504552282764656D6F5F696E666C7578646227290A2020202072657475726E2064622E7175657279282753454C454354202A2046524F4D2064656D6F204C494D4954203327290A0A404446462E41504928274D7953514CE6938DE4BD9CE6BC94E7A4BA27290A646566206D7973716C5F64656D6F28293A0A202020202727270A20202020E69CACE587BDE695B0E4BB8EE695B0E68DAEE6BA906064656D6F5F6D7973716C60E4B8ADE69FA5E8AFA26064656D6F60E8A1A8E695B0E68DAE0A202020202727270A202020206462203D204446462E48454C504552282764656D6F5F6D7973716C27290A2020202072657475726E2064622E7175657279282753454C454354202A2046524F4D2064656D6F27290A0A404446462E41504928275265646973E6938DE4BD9CE6BC94E7A4BA27290A6465662072656469735F64656D6F28293A0A202020202727270A20202020E69CACE587BDE695B0E5AFB9E695B0E68DAEE6BA906064656D6F5F726564697360E4B8ADE79A846064656D6F60E994AEE8BF9BE8A18CE58AA0E4B880E8AEA1E695B00A20202020E5B9B6E8BF94E59B9EE5BD93E5898D6064656D6F60E994AEE79A84E580BC0A202020202727270A202020206462203D204446462E48454C504552282764656D6F5F726564697327290A2020202064622E72756E2827696E6372272C202764656D6F27290A2020202072657475726E2064622E72756E2827676574272C202764656D6F2729','在脚本编辑器(beta)发布','2019-12-23 06:46:10','2019-12-23 06:46:10'),
  (3,X'736370682D46715951514270747941476663544D44535364634537',X'737365742D4868716D71625A34333547633354336B336E4D725556',X'736370742D716A58477142644E584D435043556E6B675448524461',2,X'696D706F7274206E756D7079206173206E700A696D706F72742072616E646F6D0A696D706F7274206D6174680A696D706F72742072657175657374730A0A404446462E4150492827E4BDBFE794A84E756D7079E8BF9BE8A18CE9A284E6B58BE6BC94E7A4BA27290A646566206C696E6561725F64656D6F286E756D6265725F6172726179293A0A202020202727270A20202020E7AE80E58D95E79A84E7BABFE680A7E9A284E6B58B0A20202020E8BE93E585A5E4B880E4B8AAE7BAAFE695B0E5AD97E695B0E7BB84EFBC8CE8BE93E587BAE9A284E6B58BE68980E5BE97E79A84E4B88BE4B880E4B8AAE695B0E5AD97EFBC8CE5A682EFBC9A0A2020202020202020E7AD89E5B7AEE695B0E58897EFBC9A20202020205B312C20322C20332C20342C20352C20362C20375D202020203D3E20382E300A2020202020202020E7AD89E6AF94E695B0E58897EFBC9A20202020205B312C20322C20342C20382C2031362C2033322C2036345D203D3E203132382E30303030303030303030303030330A2020202020202020E69690E6B3A2E982A3E5A591E9A29DE695B0E58897EFBC9A5B312C20312C20322C20332C20352C20382C2031335D2020203D3E2032302E3939393939393939393939393939360A202020202727270A2020202064617461203D206E702E6172726179286E756D6265725F6172726179290A0A202020204E203D20330A2020202070726564203D206E702E7A65726F7328646174612E73697A65202D2032202A204E202B2031290A20202020666F72206920696E2072616E676528707265642E73697A65293A0A202020202020202041203D206E702E7A65726F7328284E2C204E29290A2020202020202020666F72206A20696E2072616E6765284E293A0A202020202020202020202020415B6A2C5D203D20646174615B69202B206A3A69202B206A202B204E5D0A202020202020202042203D20646174615B69202B204E3A69202B204E202A20325D0A0A202020202020202058203D206E702E6C696E616C672E6C7374737128412C20422C2072636F6E643D4E6F6E65295B305D0A0A2020202020202020707265645B695D203D20422E646F742858290A0A2020202072657475726E20707265645B2D315D0A0A64656620746573745F6C696E6561725F64656D6F28293A0A2020202072657475726E20280A20202020202020206C696E6561725F64656D6F285B312C20322C20332C20342C20352C20362C20375D292C0A20202020202020206C696E6561725F64656D6F285B312C20322C20342C20382C2031362C2033322C2036345D292C0A20202020202020206C696E6561725F64656D6F285B312C20312C20322C20332C20352C20382C2031335D290A20202020290A0A404446462E41504928274D6F636BE9A284E6B58BE587BDE695B0272C2063617465676F72793D2770726564696374696F6E27290A646566206D6F636B5F70726564696374696F6E286470732C206E6578745F636F756E743D31293A0A202020202727270A20202020E4B880E4B8AAE5AFB9E697B6E5BA8FE695B0E68DAEE8BF9BE8A18CE9A284E6B58BE79A844D6F636BE587BDE695B00A20202020E58F82E695B0EFBC9A0A2020202020202020647073E38090E5BF85E9A1BBE380913A205B205B3C554E4958E697B6E997B4E688B3EFBC88E6AFABE7A792EFBC893E2C203CE695B0E580BC3E5D2C205B3C554E4958E697B6E997B4E688B3EFBC88E6AFABE7A792EFBC893E2C203CE695B0E580BC3E5D2C202E2E2E205D0A20202020202020206E6578745F636F756E743A203CE9A284E6B58BE782B9E695B0E9878F3E0A20202020E8BF94E59B9EEFBC9A0A20202020202020205B205B3C554E4958E697B6E997B4E688B3EFBC88E6AFABE7A792EFBC893E2C203CE695B0E580BC3E5D2C205B3C554E4958E697B6E997B4E688B3EFBC88E6AFABE7A792EFBC893E2C203CE695B0E580BC3E5D2C202E2E2E205D0A202020202727270A202020206966206C656E2864707329203C20323A0A2020202020202020726169736520457863657074696F6E282742616420706172616D657465723A2060647073602E20506C6561736520656E7375726520606C656E2864707329203E3D2032602E27290A0A202020206E6578745F636F756E74203D20696E74286E6578745F636F756E74290A202020206966206E6578745F636F756E74203C20313A0A2020202020202020726169736520457863657074696F6E282742616420706172616D657465723A20606E6578745F636F756E74602E20506C6561736520656E7375726520606E6578745F636F756E74203E3D2031602E27290A0A2020202074696D655F64656C7461203D206470735B2D315D5B305D202D206470735B2D325D5B305D0A202020206C6173745F706F696E74203D206470735B2D315D0A0A20202020726574203D205B5D0A20202020666F72206920696E2072616E6765286E6578745F636F756E74293A0A20202020202020207265742E617070656E64285B0A2020202020202020202020206C6173745F706F696E745B305D202B2074696D655F64656C7461202A202869202B2031292C0A202020202020202020202020286C6173745F706F696E745B315D206F72203029202B2072616E646F6D2E72616E64696E74282D31302C203130290A20202020202020205D290A2020202072657475726E207265740A0A404446462E41504928274D6F636BE8BDACE68DA2E587BDE695B0272C2063617465676F72793D277472616E73666F726D6174696F6E27290A646566206D6F636B5F7472616E73666F726D6174696F6E286470732C206D6574686F643D4E6F6E652C2076616C75653D4E6F6E65293A0A202020202727270A20202020E4B880E4B8AAE5AFB9E697B6E5BA8FE695B0E68DAEE8BF9BE8A18CE8BDACE68DA2E79A844D6F636BE587BDE695B00A20202020E58F82E695B0EFBC9A0A2020202020202020647073E38090E5BF85E9A1BBE380913A205B205B3C554E4958E697B6E997B4E688B3EFBC88E6AFABE7A792EFBC893E2C203CE695B0E580BC3E5D2C205B3C554E4958E697B6E997B4E688B3EFBC88E6AFABE7A792EFBC893E2C203CE695B0E580BC3E5D2C202E2E2E205D0A20202020202020206D6574686F643A20222B227C222D227C222A227C222F227C22706F77227C226C6F67220A202020202020202076616C75653A20E4BB85E59CA8206D6574686F643D222B227C222D227C222A227C222F227C22706F772220E697B6E69C89E695880A202020202727270A20202020666F72206420696E206470733A0A20202020202020206966206E6F74206973696E7374616E636528645B315D2C2028696E742C20666C6F617429293A0A202020202020202020202020636F6E74696E75650A0A202020202020202069662076616C7565206973206E6F74204E6F6E653A0A2020202020202020202020206966206D6574686F64203D3D20272B273A0A20202020202020202020202020202020645B315D203D20645B315D202B2076616C75650A202020202020202020202020656C6966206D6574686F64203D3D20272D273A0A20202020202020202020202020202020645B315D203D20645B315D202D2076616C75650A202020202020202020202020656C6966206D6574686F64203D3D20272A273A0A20202020202020202020202020202020645B315D203D20645B315D202A2076616C75650A202020202020202020202020656C6966206D6574686F64203D3D20272F273A0A2020202020202020202020202020202069662076616C7565203D3D20303A0A2020202020202020202020202020202020202020645B315D203D20300A20202020202020202020202020202020656C73653A0A2020202020202020202020202020202020202020645B315D203D20645B315D202F2076616C75650A202020202020202020202020656C6966206D6574686F64203D3D2027706F77273A0A20202020202020202020202020202020645B315D203D206D6174682E706F7728645B315D2C2076616C7565290A2020202020202020656C73653A0A2020202020202020202020206966206D6574686F64203D3D20276C6F67273A0A20202020202020202020202020202020645B315D203D206D6174682E6C6F6728645B315D290A0A2020202072657475726E206470730A0A404446462E41504928274D6F636BE58AA8E4BD9CE587BDE695B0272C2063617465676F72793D27616374696F6E27290A646566206D6F636B5F616374696F6E287469746C653D4E6F6E652C20636F6E74656E743D4E6F6E65293A0A202020202727270A20202020E4B880E4B8AAE6A0B9E68DAEE58F82E695B0E689A7E8A18CE58AA8E4BD9CE79A84E587BDE695B0EFBC8CE58F82E695B0E4B88DE59BBAE5AE9A0A20202020E69CACE4BE8BE4B8ADEFBC8CE59091E3808C4654E4BAA7E59381E5BC80E58F91E7BB8FE79086E7BEA4E3808DE58F91E98081E4B880E69DA16D61726B646F776E20E6B688E681AF0A202020202727270A2020202075726C203D202768747470733A2F2F6F6170692E64696E6774616C6B2E636F6D2F726F626F742F73656E643F6163636573735F746F6B656E3D64333161663861393764306635383339636438303364353465366636356564643563653531323732643933323663396232323865373438353064303364376666270A20202020626F6479203D207B0A2020202020202020226D736774797065223A20226D61726B646F776E222C0A2020202020202020226D61726B646F776E223A207B0A202020202020202020202020227469746C65223A20274D6F636BE58AA8E4BD9CE587BDE695B0EFBC9A27202B20287469746C65206F722027E5B08FE58AA8E4BD9C27292C0A2020202020202020202020202274657874223A20274D6F636BE58AA8E4BD9CE587BDE695B0EFBC9A27202B2028636F6E74656E74206F722027E4B880E4BA9BE5B08FE58AA8E4BD9C27290A20202020202020207D0A202020207D0A2020202072203D2072657175657374732E706F73742875726C2C206A736F6E3D626F6479290A202020204446462E6C6F6728722E74657874290A0A404446462E41504928274D6F636BE591BDE4BBA4E587BDE695B0272C2063617465676F72793D27636F6D6D616E6427290A646566206D6F636B5F636F6D6D616E64287469746C653D4E6F6E652C20636F6E74656E743D4E6F6E65293A0A202020202727270A20202020E4B880E4B8AAE6A0B9E68DAEE58F82E695B0E689A7E8A18CE591BDE4BBA4E79A84E587BDE695B0EFBC8CE58F82E695B0E4B88DE59BBAE5AE9A0A20202020E69CACE4BE8BE4B8ADEFBC8CE59091E3808C4654E4BAA7E59381E5BC80E58F91E7BB8FE79086E7BEA4E3808DE58F91E98081E4B880E69DA16D61726B646F776E20E6B688E681AF0A202020202727270A2020202075726C203D202768747470733A2F2F6F6170692E64696E6774616C6B2E636F6D2F726F626F742F73656E643F6163636573735F746F6B656E3D64333161663861393764306635383339636438303364353465366636356564643563653531323732643933323663396232323865373438353064303364376666270A20202020626F6479203D207B0A2020202020202020226D736774797065223A20226D61726B646F776E222C0A2020202020202020226D61726B646F776E223A207B0A202020202020202020202020227469746C65223A20274D6F636BE591BDE4BBA4E587BDE695B0EFBC9A27202B20287469746C65206F722027E9878DE8A681E591BDE4BBA427292C0A2020202020202020202020202274657874223A20274D6F636BE591BDE4BBA4E587BDE695B0EFBC9A27202B2028636F6E74656E74206F722027E4B880E4B8AAE9878DE8A681E591BDE4BBA427290A20202020202020207D0A202020207D0A2020202072203D2072657175657374732E706F73742875726C2C206A736F6E3D626F6479290A202020204446462E6C6F6728722E74657874290A0A64656620746573745F70726564696374696F6E28293A0A20202020647073203D205B205B313537363736353030303130302C2032305D2C205B313537363736353030303230302C204E6F6E655D2C205B313537363736353030303330302C2032355D5D0A2020202072657475726E206D6F636B5F70726564696374696F6E286470732C206E6578745F636F756E743D33290A0A64656620746573745F7472616E73666F726D6174696F6E28293A0A20202020647073203D205B205B313537363736353030303130302C2032305D2C205B313537363736353030303230302C204E6F6E655D2C205B313537363736353030303330302C2032355D5D0A2020202072657475726E206D6F636B5F7472616E73666F726D6174696F6E286470732C206D6574686F643D276C6F6727290A0A64656620746573745F616374696F6E28293A0A2020202072657475726E206D6F636B5F616374696F6E2827E8A7A6E58F91E58AA8E4BD9C272C2027E69C89E4BABAE8A7A6E58F91E4BA86E4B880E4B8AAE58AA8E4BD9C27290A0A64656620746573745F636F6D6D616E6428293A0A2020202072657475726E206D6F636B5F636F6D6D616E642827E8A7A6E58F91E591BDE4BBA4272C2027E69C89E4BABAE8A7A6E58F91E4BA86E4B880E4B8AAE591BDE4BBA42729','在脚本编辑器(beta)发布','2019-12-23 06:46:15','2019-12-23 06:46:15');

/*!40000 ALTER TABLE `biz_main_script_publish_history` ENABLE KEYS */;
UNLOCK TABLES;


# Dump of table biz_main_script_set
# ------------------------------------------------------------

DROP TABLE IF EXISTS `biz_main_script_set`;

CREATE TABLE `biz_main_script_set` (
  `seq` bigint(20) unsigned NOT NULL AUTO_INCREMENT,
  `id` char(65) CHARACTER SET utf8mb4 COLLATE utf8mb4_bin NOT NULL,
  `title` varchar(256) DEFAULT NULL COMMENT '标题',
  `description` text COMMENT '描述',
  `refName` varchar(128) CHARACTER SET utf8mb4 COLLATE utf8mb4_bin NOT NULL COMMENT '引用名',
  `type` varchar(64) NOT NULL DEFAULT 'user' COMMENT '类型 user|offical',
  `createTime` timestamp NOT NULL DEFAULT CURRENT_TIMESTAMP,
  `updateTime` timestamp NOT NULL DEFAULT CURRENT_TIMESTAMP ON UPDATE CURRENT_TIMESTAMP,
  PRIMARY KEY (`seq`),
  UNIQUE KEY `ID` (`id`),
  UNIQUE KEY `BIZ` (`refName`)
) ENGINE=InnoDB DEFAULT CHARSET=utf8mb4 COMMENT='脚本集';

LOCK TABLES `biz_main_script_set` WRITE;
/*!40000 ALTER TABLE `biz_main_script_set` DISABLE KEYS */;

INSERT INTO `biz_main_script_set` (`seq`, `id`, `title`, `description`, `refName`, `type`, `createTime`, `updateTime`)
VALUES
  (1,X'737365742D4868716D71625A34333547633354336B336E4D725556','DEMO脚本集','主要用于展示FT.DP 的基本使用',X'64656D6F','user','2019-12-09 15:15:05','2019-12-09 15:15:05');

/*!40000 ALTER TABLE `biz_main_script_set` ENABLE KEYS */;
UNLOCK TABLES;


# Dump of table biz_main_task_result_data_processor
# ------------------------------------------------------------

DROP TABLE IF EXISTS `biz_main_task_result_data_processor`;

CREATE TABLE `biz_main_task_result_data_processor` (
  `seq` bigint(20) unsigned NOT NULL AUTO_INCREMENT,
  `id` char(65) CHARACTER SET utf8mb4 COLLATE utf8mb4_bin NOT NULL,
  `task` varchar(128) NOT NULL,
  `origin` varchar(128) DEFAULT NULL,
  `startTime` int(11) DEFAULT NULL COMMENT '任务开始时间(秒级UNIX时间戳)',
  `endTime` int(11) DEFAULT NULL COMMENT '任务结束时间(秒级UNIX时间戳)',
  `argsJSON` json DEFAULT NULL COMMENT '列表参数JSON',
  `kwargsJSON` json DEFAULT NULL COMMENT '字典参数JSON',
  `retvalJSON` json DEFAULT NULL COMMENT '执行结果JSON',
  `status` varchar(64) NOT NULL COMMENT '任务状态: SUCCESS|FAILURE',
  `einfoTEXT` text COMMENT '错误信息TEXT',
  `createTime` timestamp NOT NULL DEFAULT CURRENT_TIMESTAMP,
  `updateTime` timestamp NOT NULL DEFAULT CURRENT_TIMESTAMP ON UPDATE CURRENT_TIMESTAMP,
  PRIMARY KEY (`seq`),
  UNIQUE KEY `ID` (`id`),
  KEY `TASK` (`task`),
  KEY `ORIGIN` (`origin`)
) ENGINE=InnoDB DEFAULT CHARSET=utf8mb4 COMMENT='FTDataProcessor 任务结果';

LOCK TABLES `biz_main_task_result_data_processor` WRITE;
/*!40000 ALTER TABLE `biz_main_task_result_data_processor` DISABLE KEYS */;

INSERT INTO `biz_main_task_result_data_processor` (`seq`, `id`, `task`, `origin`, `startTime`, `endTime`, `argsJSON`, `kwargsJSON`, `retvalJSON`, `status`, `einfoTEXT`, `createTime`, `updateTime`)
VALUES
  (1,X'7461736B2D37344C6B3979706F6E366F41724769506857564B7262','ftDataProcessor.runner','TRACE-6D5540FC-B6B2-4EFE-9798-F57214E35040',1576040230,1576040230,'[]','{\"execMode\": \"sync\", \"funcKwargs\": {}, \"saveResult\": true, \"funcRefName\": \"hello_world\", \"scriptRefName\": \"simple\", \"scriptSetRefName\": \"demo\"}','{\"raw\": \"Hello, world\", \"repr\": \"\'Hello, world\'\", \"jsonDumps\": \"\\\"Hello, world\\\"\"}','SUCCESS',NULL,'2019-12-11 04:57:10','2019-12-11 04:57:10'),
  (2,X'7461736B2D4B6D666136394A3668646242384C5A377944414B4266','ftDataProcessor.runner','TRACE-6F68ADF8-0F3A-4338-8DB4-CD76A1BCAC15',1576040240,1576040240,'[]','{\"execMode\": \"sync\", \"funcKwargs\": {\"msg\": \"Yes!\"}, \"saveResult\": true, \"funcRefName\": \"hello_world_msg\", \"scriptRefName\": \"simple\", \"scriptSetRefName\": \"demo\"}','{\"raw\": \"Hello, world. Yes!!\", \"repr\": \"\'Hello, world. Yes!!\'\", \"jsonDumps\": \"\\\"Hello, world. Yes!!\\\"\"}','SUCCESS',NULL,'2019-12-11 04:57:20','2019-12-11 04:57:20'),
  (3,X'7461736B2D6D62755A65576966483364424D4767773270336D485A','ftDataProcessor.runner','TRACE-07E5AA6A-43E1-4D01-A027-59F3569D0A2D',1576040248,1576040248,'[]','{\"execMode\": \"sync\", \"funcKwargs\": {}, \"saveResult\": true, \"funcRefName\": \"hello_world_log\", \"scriptRefName\": \"simple\", \"scriptSetRefName\": \"demo\"}','{\"raw\": \"Hello, world\", \"repr\": \"\'Hello, world\'\", \"jsonDumps\": \"\\\"Hello, world\\\"\"}','SUCCESS',NULL,'2019-12-11 04:57:28','2019-12-11 04:57:28'),
  (4,X'7461736B2D616D6F4C53323439727467526D4858597434434D4561','ftDataProcessor.runner','TRACE-9B50E292-BFD8-4393-B359-13FE2227BCDD',1576040255,1576040255,'[]','{\"execMode\": \"sync\", \"funcKwargs\": {}, \"saveResult\": true, \"funcRefName\": \"hello_world_err\", \"scriptRefName\": \"simple\", \"scriptSetRefName\": \"demo\"}','null','FAILURE','Traceback (most recent call last):\n  File \"/home/dev/.local/lib/python2.7/site-packages/celery/app/trace.py\", line 382, in trace_task\n    R = retval = fun(*args, **kwargs)\n  File \"/mnt/hgfs/git-pastgift/zhuyun/middlewares/ft-data-processor-worker/worker/tasks/__init__.py\", line 138, in __call__\n    return super(BaseTask, self).__call__(*args, **kwargs)\n  File \"/home/dev/.local/lib/python2.7/site-packages/celery/app/trace.py\", line 641, in __protected_call__\n    return self.run(*args, **kwargs)\n  File \"/mnt/hgfs/git-pastgift/zhuyun/middlewares/ft-data-processor-worker/worker/tasks/data_processor/runner.py\", line 333, in ft_data_processor_runner\n    func_result = entry_func(**func_kwargs)\n  File \"/mnt/hgfs/git-pastgift/zhuyun/middlewares/ft-data-processor-worker/worker/tasks/data_processor/__init__.py\", line 222, in new_F\n    return F(*args, **kwargs)\n  File \"demo__simple\", line 35, in hello_world_err\nZeroDivisionError: integer division or modulo by zero\n','2019-12-11 04:57:35','2019-12-11 04:57:35');

/*!40000 ALTER TABLE `biz_main_task_result_data_processor` ENABLE KEYS */;
UNLOCK TABLES;


# Dump of table biz_rel_script_running_info
# ------------------------------------------------------------

DROP TABLE IF EXISTS `biz_rel_script_running_info`;

CREATE TABLE `biz_rel_script_running_info` (
  `seq` bigint(20) unsigned NOT NULL AUTO_INCREMENT,
  `scriptSetId` char(64) CHARACTER SET utf8mb4 COLLATE utf8mb4_bin NOT NULL COMMENT '脚本集ID',
  `scriptId` char(65) CHARACTER SET utf8mb4 COLLATE utf8mb4_bin NOT NULL COMMENT '脚本ID',
  `funcId` char(65) CHARACTER SET utf8mb4 COLLATE utf8mb4_bin NOT NULL DEFAULT '' COMMENT '函数ID',
  `execMode` varchar(64) CHARACTER SET utf8mb4 COLLATE utf8mb4_bin NOT NULL COMMENT '执行模式 sync|async|crontab',
  `succeedCount` int(11) NOT NULL DEFAULT '0' COMMENT '成功次数',
  `failCount` int(11) NOT NULL DEFAULT '0' COMMENT '失败次数',
  `minCost` int(11) DEFAULT NULL COMMENT '最小耗时（毫秒）',
  `maxCost` int(11) DEFAULT NULL COMMENT '最大耗时（毫秒）',
  `totalCost` bigint(11) DEFAULT NULL COMMENT '累积耗时（毫秒）',
  `latestCost` int(11) DEFAULT NULL COMMENT '最近消耗（毫秒）',
  `latestSucceedTime` timestamp NULL DEFAULT NULL COMMENT '最近成功时间',
  `latestFailTime` timestamp NULL DEFAULT NULL COMMENT '最近失败时间',
  `status` varchar(64) NOT NULL DEFAULT 'neverStarted' COMMENT '状态 neverStarted|succeed|fail|timeout',
  `createTime` timestamp NOT NULL DEFAULT CURRENT_TIMESTAMP,
  `updateTime` timestamp NOT NULL DEFAULT CURRENT_TIMESTAMP ON UPDATE CURRENT_TIMESTAMP,
  PRIMARY KEY (`seq`),
  UNIQUE KEY `BIZ` (`scriptSetId`,`scriptId`,`funcId`,`execMode`)
) ENGINE=InnoDB DEFAULT CHARSET=utf8mb4 COMMENT='脚本执行信息';

LOCK TABLES `biz_rel_script_running_info` WRITE;
/*!40000 ALTER TABLE `biz_rel_script_running_info` DISABLE KEYS */;

INSERT INTO `biz_rel_script_running_info` (`seq`, `scriptSetId`, `scriptId`, `funcId`, `execMode`, `succeedCount`, `failCount`, `minCost`, `maxCost`, `totalCost`, `latestCost`, `latestSucceedTime`, `latestFailTime`, `status`, `createTime`, `updateTime`)
VALUES
  (1,X'737365742D4868716D71625A34333547633354336B336E4D725556',X'736370742D656B6B336861384259476F616E57327252354E597247',X'66756E632D6F366B756B6434554B624E47434C64344A4767586F39',X'73796E63',1,0,2,2,2,2,'2019-12-11 04:57:10',NULL,'succeeded','2019-12-11 04:57:10','2019-12-11 04:57:10'),
  (2,X'737365742D4868716D71625A34333547633354336B336E4D725556',X'736370742D656B6B336861384259476F616E57327252354E597247',X'66756E632D3534364C6E74794559506D61523258524169375A3764',X'73796E63',1,0,3,3,3,3,'2019-12-11 04:57:20',NULL,'succeeded','2019-12-11 04:57:20','2019-12-11 04:57:20'),
  (3,X'737365742D4868716D71625A34333547633354336B336E4D725556',X'736370742D656B6B336861384259476F616E57327252354E597247',X'66756E632D6963466D6A59395A7937624D66524D6F37707651706E',X'73796E63',1,0,3,3,3,3,'2019-12-11 04:57:28',NULL,'succeeded','2019-12-11 04:57:28','2019-12-11 04:57:28'),
  (4,X'737365742D4868716D71625A34333547633354336B336E4D725556',X'736370742D656B6B336861384259476F616E57327252354E597247',X'66756E632D58354E3650484A367564766E70374A6F7A794D587753',X'73796E63',0,1,NULL,NULL,NULL,NULL,NULL,'2019-12-11 04:57:35','failed','2019-12-11 04:57:35','2019-12-11 04:57:35');

/*!40000 ALTER TABLE `biz_rel_script_running_info` ENABLE KEYS */;
UNLOCK TABLES;


# Dump of table wat_main_access_key
# ------------------------------------------------------------

DROP TABLE IF EXISTS `wat_main_access_key`;

CREATE TABLE `wat_main_access_key` (
  `seq` bigint(20) unsigned NOT NULL AUTO_INCREMENT,
  `id` char(65) CHARACTER SET utf8mb4 COLLATE utf8mb4_bin NOT NULL,
  `organizationId` char(65) CHARACTER SET utf8mb4 COLLATE utf8mb4_bin NOT NULL,
  `userId` char(65) CHARACTER SET utf8mb4 COLLATE utf8mb4_bin NOT NULL,
  `name` varchar(256) NOT NULL,
  `secret` varchar(64) NOT NULL,
  `webhookURL` text,
  `webhookEvents` text,
  `allowWebhookEcho` tinyint(1) NOT NULL DEFAULT '0',
  `createTime` timestamp NOT NULL DEFAULT CURRENT_TIMESTAMP,
  `updateTime` timestamp NOT NULL DEFAULT CURRENT_TIMESTAMP ON UPDATE CURRENT_TIMESTAMP,
  PRIMARY KEY (`seq`),
  UNIQUE KEY `ID` (`id`),
  KEY `ORGANIZATION_ID` (`organizationId`),
  KEY `USER_ID` (`userId`)
) ENGINE=InnoDB DEFAULT CHARSET=utf8mb4;



# Dump of table wat_main_file
# ------------------------------------------------------------

DROP TABLE IF EXISTS `wat_main_file`;

CREATE TABLE `wat_main_file` (
  `seq` bigint(20) unsigned NOT NULL AUTO_INCREMENT,
  `id` char(65) CHARACTER SET utf8mb4 COLLATE utf8mb4_bin NOT NULL,
  `organizationId` char(65) CHARACTER SET utf8mb4 COLLATE utf8mb4_bin DEFAULT NULL,
  `userId` char(65) CHARACTER SET utf8mb4 COLLATE utf8mb4_bin DEFAULT NULL,
  `originalFileName` text,
  `md5Sum` char(32) DEFAULT NULL,
  `byteSize` int(11) DEFAULT NULL,
  `note` text,
  `createTime` timestamp NOT NULL DEFAULT CURRENT_TIMESTAMP,
  `updateTime` timestamp NOT NULL DEFAULT CURRENT_TIMESTAMP ON UPDATE CURRENT_TIMESTAMP,
  PRIMARY KEY (`seq`),
  UNIQUE KEY `ID` (`id`),
  KEY `ORGANIZATION_ID` (`organizationId`),
  KEY `USER_ID` (`userId`)
) ENGINE=InnoDB DEFAULT CHARSET=utf8mb4;



# Dump of table wat_main_organization
# ------------------------------------------------------------

DROP TABLE IF EXISTS `wat_main_organization`;

CREATE TABLE `wat_main_organization` (
  `seq` bigint(20) unsigned NOT NULL AUTO_INCREMENT,
  `id` char(65) CHARACTER SET utf8mb4 COLLATE utf8mb4_bin NOT NULL,
  `uniqueId` varchar(64) CHARACTER SET utf8mb4 COLLATE utf8mb4_bin DEFAULT NULL,
  `name` varchar(256) NOT NULL,
  `markers` text,
  `isDisabled` tinyint(1) NOT NULL DEFAULT '0',
  `createTime` timestamp NOT NULL DEFAULT CURRENT_TIMESTAMP,
  `updateTime` timestamp NOT NULL DEFAULT CURRENT_TIMESTAMP ON UPDATE CURRENT_TIMESTAMP,
  PRIMARY KEY (`seq`),
  UNIQUE KEY `ID` (`id`),
  UNIQUE KEY `UNIQUE_ID` (`uniqueId`)
) ENGINE=InnoDB DEFAULT CHARSET=utf8mb4;

LOCK TABLES `wat_main_organization` WRITE;
/*!40000 ALTER TABLE `wat_main_organization` DISABLE KEYS */;

INSERT INTO `wat_main_organization` (`seq`, `id`, `uniqueId`, `name`, `markers`, `isDisabled`, `createTime`, `updateTime`)
VALUES
  (1,X'6F2D737973',X'73797374656D','System Organization',NULL,0,'2017-07-28 18:08:03','2018-05-24 00:47:06');

/*!40000 ALTER TABLE `wat_main_organization` ENABLE KEYS */;
UNLOCK TABLES;


# Dump of table wat_main_post
# ------------------------------------------------------------

DROP TABLE IF EXISTS `wat_main_post`;

CREATE TABLE `wat_main_post` (
  `seq` bigint(20) unsigned NOT NULL AUTO_INCREMENT,
  `id` char(65) CHARACTER SET utf8mb4 COLLATE utf8mb4_bin NOT NULL,
  `organizationId` char(65) CHARACTER SET utf8mb4 COLLATE utf8mb4_bin DEFAULT NULL,
  `userId` char(65) CHARACTER SET utf8mb4 COLLATE utf8mb4_bin NOT NULL,
  `title` varchar(256) NOT NULL,
  `content` text,
  `createTime` timestamp NOT NULL DEFAULT CURRENT_TIMESTAMP,
  `updateTime` timestamp NOT NULL DEFAULT CURRENT_TIMESTAMP ON UPDATE CURRENT_TIMESTAMP,
  PRIMARY KEY (`seq`),
  UNIQUE KEY `ID` (`id`),
  KEY `ORGANIZATION_ID` (`organizationId`),
  KEY `USER_ID` (`userId`)
) ENGINE=InnoDB DEFAULT CHARSET=utf8mb4;



# Dump of table wat_main_system_config
# ------------------------------------------------------------

DROP TABLE IF EXISTS `wat_main_system_config`;

CREATE TABLE `wat_main_system_config` (
  `seq` bigint(20) unsigned NOT NULL AUTO_INCREMENT,
  `id` char(65) CHARACTER SET utf8mb4 COLLATE utf8mb4_bin NOT NULL,
  `value` text CHARACTER SET utf8mb4 COLLATE utf8mb4_bin NOT NULL COMMENT '值',
  `createTime` timestamp NOT NULL DEFAULT CURRENT_TIMESTAMP,
  `updateTime` timestamp NOT NULL DEFAULT CURRENT_TIMESTAMP ON UPDATE CURRENT_TIMESTAMP,
  PRIMARY KEY (`seq`),
  UNIQUE KEY `ID` (`id`)
) ENGINE=InnoDB DEFAULT CHARSET=utf8mb4;



# Dump of table wat_main_task_result_example
# ------------------------------------------------------------

DROP TABLE IF EXISTS `wat_main_task_result_example`;

CREATE TABLE `wat_main_task_result_example` (
  `seq` bigint(20) unsigned NOT NULL AUTO_INCREMENT,
  `id` char(65) CHARACTER SET utf8mb4 COLLATE utf8mb4_bin NOT NULL,
  `task` varchar(128) NOT NULL,
  `origin` varchar(128) DEFAULT NULL,
  `startTime` int(11) DEFAULT NULL,
  `endTime` int(11) DEFAULT NULL,
  `argsJSON` text,
  `kwargsJSON` text,
  `retvalJSON` text,
  `status` varchar(64) NOT NULL,
  `einfoTEXT` text,
  `createTime` timestamp NOT NULL DEFAULT CURRENT_TIMESTAMP,
  `updateTime` timestamp NOT NULL DEFAULT CURRENT_TIMESTAMP ON UPDATE CURRENT_TIMESTAMP,
  PRIMARY KEY (`seq`),
  UNIQUE KEY `ID` (`id`),
  KEY `TASK` (`task`),
  KEY `ORIGIN` (`origin`)
) ENGINE=InnoDB DEFAULT CHARSET=utf8mb4;



# Dump of table wat_main_user
# ------------------------------------------------------------

DROP TABLE IF EXISTS `wat_main_user`;

CREATE TABLE `wat_main_user` (
  `seq` bigint(20) unsigned NOT NULL AUTO_INCREMENT,
  `id` char(65) CHARACTER SET utf8mb4 COLLATE utf8mb4_bin NOT NULL,
  `organizationId` char(65) CHARACTER SET utf8mb4 COLLATE utf8mb4_bin DEFAULT NULL,
  `username` varchar(64) NOT NULL,
  `passwordHash` text,
  `name` varchar(256) DEFAULT NULL,
  `mobile` varchar(32) DEFAULT NULL,
  `markers` text,
  `roles` text,
  `customPrivileges` text,
  `isDisabled` tinyint(1) NOT NULL DEFAULT '0',
  `createTime` timestamp NOT NULL DEFAULT CURRENT_TIMESTAMP,
  `updateTime` timestamp NOT NULL DEFAULT CURRENT_TIMESTAMP ON UPDATE CURRENT_TIMESTAMP,
  PRIMARY KEY (`seq`),
  UNIQUE KEY `ID` (`id`),
  UNIQUE KEY `USERNAME` (`username`),
  KEY `ORGANIZATION_ID` (`organizationId`)
) ENGINE=InnoDB DEFAULT CHARSET=utf8mb4;

LOCK TABLES `wat_main_user` WRITE;
/*!40000 ALTER TABLE `wat_main_user` DISABLE KEYS */;

INSERT INTO `wat_main_user` (`seq`, `id`, `organizationId`, `username`, `passwordHash`, `name`, `mobile`, `markers`, `roles`, `customPrivileges`, `isDisabled`, `createTime`, `updateTime`)
VALUES
  (1,X'752D61646D696E',X'6F2D737973','admin','03449cf93ebd8f67f652f9a82b2148380b2597eedd777963245472be3311e75f3ae516244b6d7648b9b044e2523c2840bdf86a852037db7e58e9b216539b2d21','系统管理员',NULL,NULL,'sa','*',0,'2017-07-28 18:08:03','2019-02-25 03:19:24');

/*!40000 ALTER TABLE `wat_main_user` ENABLE KEYS */;
UNLOCK TABLES;


# Dump of table wat_ref_tag
# ------------------------------------------------------------

DROP TABLE IF EXISTS `wat_ref_tag`;

CREATE TABLE `wat_ref_tag` (
  `seq` bigint(20) unsigned NOT NULL AUTO_INCREMENT,
  `entityId` char(65) CHARACTER SET utf8mb4 COLLATE utf8mb4_bin NOT NULL,
  `entityName` varchar(64) NOT NULL,
  `tagK` varchar(64) CHARACTER SET utf8mb4 COLLATE utf8mb4_bin DEFAULT NULL,
  `tagV` text,
  `createTime` timestamp NOT NULL DEFAULT CURRENT_TIMESTAMP,
  `updateTime` timestamp NOT NULL DEFAULT CURRENT_TIMESTAMP ON UPDATE CURRENT_TIMESTAMP,
  PRIMARY KEY (`seq`),
  UNIQUE KEY `TAG` (`entityId`,`tagK`),
  KEY `ENTITY_ID` (`entityId`),
  KEY `TAG_K` (`tagK`)
) ENGINE=InnoDB DEFAULT CHARSET=utf8mb4;




/*!40111 SET SQL_NOTES=@OLD_SQL_NOTES */;
/*!40101 SET SQL_MODE=@OLD_SQL_MODE */;
/*!40014 SET FOREIGN_KEY_CHECKS=@OLD_FOREIGN_KEY_CHECKS */;
/*!40101 SET CHARACTER_SET_CLIENT=@OLD_CHARACTER_SET_CLIENT */;
/*!40101 SET CHARACTER_SET_RESULTS=@OLD_CHARACTER_SET_RESULTS */;
/*!40101 SET COLLATION_CONNECTION=@OLD_COLLATION_CONNECTION */;
