# ************************************************************
# Sequel Pro SQL dump
# Version 5446
#
# https://www.sequelpro.com/
# https://github.com/sequelpro/sequelpro
#
# Host: ubuntu16-dev-big.vm (MySQL 5.7.27-0ubuntu0.16.04.1)
# Database: ft_data_processor
# Generation Time: 2020-02-19 08:51:12 +0000
# ************************************************************


/*!40101 SET @OLD_CHARACTER_SET_CLIENT=@@CHARACTER_SET_CLIENT */;
/*!40101 SET @OLD_CHARACTER_SET_RESULTS=@@CHARACTER_SET_RESULTS */;
/*!40101 SET @OLD_COLLATION_CONNECTION=@@COLLATION_CONNECTION */;
/*!40101 SET NAMES utf8 */;
SET NAMES utf8mb4;
/*!40014 SET @OLD_FOREIGN_KEY_CHECKS=@@FOREIGN_KEY_CHECKS, FOREIGN_KEY_CHECKS=0 */;
/*!40101 SET @OLD_SQL_MODE=@@SQL_MODE, SQL_MODE='NO_AUTO_VALUE_ON_ZERO' */;
/*!40111 SET @OLD_SQL_NOTES=@@SQL_NOTES, SQL_NOTES=0 */;


# Dump of table biz_cache_df_workspace
# ------------------------------------------------------------

DROP TABLE IF EXISTS `biz_cache_df_workspace`;

CREATE TABLE `biz_cache_df_workspace` (
  `seq` bigint(20) unsigned NOT NULL AUTO_INCREMENT,
  `id` char(65) CHARACTER SET utf8mb4 COLLATE utf8mb4_bin NOT NULL,
  `uuid` char(64) CHARACTER SET utf8mb4 COLLATE utf8mb4_bin NOT NULL COMMENT 'UUID',
  `wsName` varchar(256) DEFAULT NULL COMMENT '名称',
  `dataJSON` json NOT NULL COMMENT '数据JSON',
  `createTime` timestamp NOT NULL DEFAULT CURRENT_TIMESTAMP,
  `updateTime` timestamp NOT NULL DEFAULT CURRENT_TIMESTAMP ON UPDATE CURRENT_TIMESTAMP,
  PRIMARY KEY (`seq`),
  UNIQUE KEY `BIZ` (`id`),
  UNIQUE KEY `UUID` (`uuid`)
) ENGINE=InnoDB DEFAULT CHARSET=utf8mb4 COMMENT='DataFlux工作空间（缓存）';



# Dump of table biz_main_auth_link
# ------------------------------------------------------------

DROP TABLE IF EXISTS `biz_main_auth_link`;

CREATE TABLE `biz_main_auth_link` (
  `seq` bigint(20) unsigned NOT NULL AUTO_INCREMENT,
  `id` char(65) CHARACTER SET utf8mb4 COLLATE utf8mb4_bin NOT NULL COMMENT '兼任Token',
  `scriptSetId` char(65) CHARACTER SET utf8mb4 COLLATE utf8mb4_bin NOT NULL COMMENT '脚本集ID',
  `scriptId` char(65) CHARACTER SET utf8mb4 COLLATE utf8mb4_bin NOT NULL COMMENT '脚本ID',
  `funcId` char(65) CHARACTER SET utf8mb4 COLLATE utf8mb4_bin NOT NULL COMMENT '函数ID',
  `funcKwargsJSON` json NOT NULL COMMENT '函数参数JSON (kwargs)',
  `expireTime` datetime DEFAULT NULL COMMENT '过期时间（NULL表示永不过期）',
  `throttlingJSON` json DEFAULT NULL COMMENT '限流JSON（value="<From Parameter>"表示从参数获取）',
  `showInDoc` tinyint(1) NOT NULL DEFAULT '0' COMMENT '是否在文档中显示',
  `isDisabled` tinyint(1) NOT NULL DEFAULT '0' COMMENT '是否禁用',
  `note` text COMMENT '备注',
  `createTime` timestamp NOT NULL DEFAULT CURRENT_TIMESTAMP,
  `updateTime` timestamp NOT NULL DEFAULT CURRENT_TIMESTAMP ON UPDATE CURRENT_TIMESTAMP,
  PRIMARY KEY (`seq`),
  UNIQUE KEY `ID` (`id`)
) ENGINE=InnoDB DEFAULT CHARSET=utf8mb4 COMMENT='授权链接';



# Dump of table biz_main_crontab_config
# ------------------------------------------------------------

DROP TABLE IF EXISTS `biz_main_crontab_config`;

CREATE TABLE `biz_main_crontab_config` (
  `seq` bigint(20) unsigned NOT NULL AUTO_INCREMENT,
  `id` char(65) CHARACTER SET utf8mb4 COLLATE utf8mb4_bin NOT NULL,
  `scriptSetId` char(65) CHARACTER SET utf8mb4 COLLATE utf8mb4_bin NOT NULL COMMENT '脚本集ID',
  `scriptId` char(65) CHARACTER SET utf8mb4 COLLATE utf8mb4_bin NOT NULL COMMENT '脚本ID',
  `funcId` char(65) CHARACTER SET utf8mb4 COLLATE utf8mb4_bin NOT NULL COMMENT '函数ID',
  `funcKwargsJSON` json NOT NULL COMMENT '函数参数JSON (kwargs)',
  `crontab` varchar(64) NOT NULL COMMENT '执行频率（Crontab语法）',
  `saveResult` tinyint(1) NOT NULL DEFAULT '0' COMMENT '是否需要保存结果',
  `isDisabled` tinyint(1) NOT NULL DEFAULT '0' COMMENT '是否已禁用',
  `note` text COMMENT '备注',
  `createTime` timestamp NOT NULL DEFAULT CURRENT_TIMESTAMP,
  `updateTime` timestamp NOT NULL DEFAULT CURRENT_TIMESTAMP ON UPDATE CURRENT_TIMESTAMP,
  PRIMARY KEY (`seq`),
  UNIQUE KEY `ID` (`id`)
) ENGINE=InnoDB DEFAULT CHARSET=utf8mb4 COMMENT='自动触发配置';



# Dump of table biz_main_data_source
# ------------------------------------------------------------

DROP TABLE IF EXISTS `biz_main_data_source`;

CREATE TABLE `biz_main_data_source` (
  `seq` bigint(20) unsigned NOT NULL AUTO_INCREMENT,
  `id` char(65) CHARACTER SET utf8mb4 COLLATE utf8mb4_bin NOT NULL,
  `title` varchar(256) DEFAULT NULL COMMENT '标题',
  `description` text COMMENT '描述',
  `refName` varchar(128) CHARACTER SET utf8mb4 COLLATE utf8mb4_bin NOT NULL COMMENT '引用名',
  `type` varchar(64) NOT NULL COMMENT '类型 influxdb|mysql|redis|..',
  `configJSON` json NOT NULL COMMENT '配置JSON',
  `isBuiltin` tinyint(1) NOT NULL DEFAULT '0' COMMENT '是否为内建数据源',
  `createTime` timestamp NOT NULL DEFAULT CURRENT_TIMESTAMP,
  `updateTime` timestamp NOT NULL DEFAULT CURRENT_TIMESTAMP ON UPDATE CURRENT_TIMESTAMP,
  PRIMARY KEY (`seq`),
  UNIQUE KEY `ID` (`id`),
  UNIQUE KEY `BIZ` (`refName`)
) ENGINE=InnoDB DEFAULT CHARSET=utf8mb4 COMMENT='数据源';

LOCK TABLES `biz_main_data_source` WRITE;
/*!40000 ALTER TABLE `biz_main_data_source` DISABLE KEYS */;

INSERT INTO `biz_main_data_source` (`seq`, `id`, `title`, `description`, `refName`, `type`, `configJSON`, `isBuiltin`, `createTime`, `updateTime`)
VALUES
  (1,X'647372632D636438796D7242484B5A456459416F73757158485857','演示用InfluxDB','一个用于演示的InfluxDB',X'64656D6F5F696E666C75786462','influxdb','{\"host\": \"127.0.0.1\", \"port\": 8086, \"user\": null, \"charset\": null, \"database\": \"demo\", \"password\": null}',0,'2019-12-09 15:30:11','2019-12-09 15:30:11'),
  (2,X'647372632D566D4862567139675A52353339727145617033666B6D','演示用MySQL','一个用于演示的MySQL',X'64656D6F5F6D7973716C','mysql','{\"host\": \"127.0.0.1\", \"port\": 3306, \"user\": \"dev\", \"charset\": \"utf8mb4\", \"database\": \"demo\", \"password\": \"dev\"}',0,'2019-12-09 15:33:02','2019-12-09 15:33:02'),
  (3,X'647372632D633868455A424E794A755843594E6A41755748614755','演示用Redis','一个用于演示的Redis',X'64656D6F5F7265646973','redis','{\"host\": \"127.0.0.1\", \"port\": 6379, \"database\": \"15\", \"password\": null}',0,'2019-12-09 15:33:57','2019-12-09 15:34:47');

/*!40000 ALTER TABLE `biz_main_data_source` ENABLE KEYS */;
UNLOCK TABLES;


# Dump of table biz_main_env_variable
# ------------------------------------------------------------

DROP TABLE IF EXISTS `biz_main_env_variable`;

CREATE TABLE `biz_main_env_variable` (
  `seq` bigint(20) unsigned NOT NULL AUTO_INCREMENT,
  `id` char(65) CHARACTER SET utf8mb4 COLLATE utf8mb4_bin NOT NULL,
  `title` varchar(256) DEFAULT NULL COMMENT '标题',
  `description` text COMMENT '描述',
  `refName` varchar(128) CHARACTER SET utf8mb4 COLLATE utf8mb4_bin NOT NULL COMMENT '引用名',
  `valueTEXT` text NOT NULL COMMENT '值',
  `createTime` timestamp NOT NULL DEFAULT CURRENT_TIMESTAMP,
  `updateTime` timestamp NOT NULL DEFAULT CURRENT_TIMESTAMP ON UPDATE CURRENT_TIMESTAMP,
  PRIMARY KEY (`seq`),
  UNIQUE KEY `ID` (`id`),
  UNIQUE KEY `BIZ` (`refName`)
) ENGINE=InnoDB DEFAULT CHARSET=utf8mb4 COMMENT='环境变量';



# Dump of table biz_main_func
# ------------------------------------------------------------

DROP TABLE IF EXISTS `biz_main_func`;

CREATE TABLE `biz_main_func` (
  `seq` bigint(20) unsigned NOT NULL AUTO_INCREMENT,
  `id` char(65) CHARACTER SET utf8mb4 COLLATE utf8mb4_bin NOT NULL,
  `title` varchar(256) DEFAULT NULL COMMENT '标题',
  `description` text COMMENT '描述（函数文档）',
  `scriptSetId` char(65) CHARACTER SET utf8mb4 COLLATE utf8mb4_bin NOT NULL COMMENT '所属脚本集ID',
  `scriptId` char(65) CHARACTER SET utf8mb4 COLLATE utf8mb4_bin NOT NULL COMMENT '所属脚本ID',
  `refName` varchar(256) CHARACTER SET utf8mb4 COLLATE utf8mb4_bin NOT NULL DEFAULT '' COMMENT '引用名（函数名）',
  `definition` varchar(256) CHARACTER SET utf8mb4 COLLATE utf8mb4_bin NOT NULL DEFAULT '' COMMENT '定义（函数签名）',
  `argsJSON` json DEFAULT NULL COMMENT '位置参数JSON',
  `kwargsJSON` json DEFAULT NULL COMMENT '命名参数JSON',
  `category` varchar(64) NOT NULL DEFAULT 'general' COMMENT '类别 general|FT.linearPrediction|...',
  `defOrder` int(11) NOT NULL DEFAULT '0' COMMENT '定义顺序',
  `createTime` timestamp NOT NULL DEFAULT CURRENT_TIMESTAMP,
  `updateTime` timestamp NOT NULL DEFAULT CURRENT_TIMESTAMP ON UPDATE CURRENT_TIMESTAMP,
  PRIMARY KEY (`seq`),
  UNIQUE KEY `ID` (`id`),
  UNIQUE KEY `BIZ` (`scriptId`,`refName`),
  KEY `REF_NAME` (`refName`),
  KEY `CATEGORY` (`category`)
) ENGINE=InnoDB DEFAULT CHARSET=utf8mb4 COMMENT='函数';

LOCK TABLES `biz_main_func` WRITE;
/*!40000 ALTER TABLE `biz_main_func` DISABLE KEYS */;

INSERT INTO `biz_main_func` (`seq`, `id`, `title`, `description`, `scriptSetId`, `scriptId`, `refName`, `definition`, `argsJSON`, `kwargsJSON`, `category`, `defOrder`, `createTime`, `updateTime`)
VALUES
  (1,X'66756E632D75694A595A62474C5164425A65424D53396456596252','InfluxDB操作演示','本函数从数据源`demo_influxdb`中查询3条`demo`指标',X'737365742D4868716D71625A34333547633354336B336E4D725556',X'736370742D6F75765550686A544E396552524A655747557578726B',X'696E666C757864625F64656D6F',X'696E666C757864625F64656D6F2829',NULL,'{}','general',0,'2020-01-22 09:30:02','2020-01-22 09:30:02'),
  (2,X'66756E632D48443666744650754871464656625252737768427242','MySQL操作演示','本函数从数据源`demo_mysql`中查询`demo`表数据',X'737365742D4868716D71625A34333547633354336B336E4D725556',X'736370742D6F75765550686A544E396552524A655747557578726B',X'6D7973716C5F64656D6F',X'6D7973716C5F64656D6F2829',NULL,'{}','general',1,'2020-01-22 09:30:02','2020-01-22 09:30:02'),
  (3,X'66756E632D664A4A374E44375351367755744E61355A56674B6D62','Redis操作演示','本函数对数据源`demo_redis`中的`demo`键进行加一计数\n并返回当前`demo`键的值',X'737365742D4868716D71625A34333547633354336B336E4D725556',X'736370742D6F75765550686A544E396552524A655747557578726B',X'72656469735F64656D6F',X'72656469735F64656D6F2829',NULL,'{}','general',2,'2020-01-22 09:30:02','2020-01-22 09:30:02'),
  (4,X'66756E632D3679465A763477777659446658656D76614D5863616E','内置DataFlux Dataway操作演示','本函数对数据源`df_dataway`添加一个数据点，并返回是否成功',X'737365742D4868716D71625A34333547633354336B336E4D725556',X'736370742D6F75765550686A544E396552524A655747557578726B',X'64665F646174617761795F64656D6F',X'64665F646174617761795F64656D6F2829',NULL,'{}','general',3,'2020-01-22 09:30:02','2020-01-22 09:30:02'),
  (15,X'66756E632D384870574B476A77734B654C5A6F4277566551424258','平均值预测','一个对时序数据进行平均值预测\n参数：\n    dps【必须】: [ , ... ]\n返回：\n    [ [<UNIX时间戳（毫秒）>, <数值>], [<UNIX时间戳（毫秒）>, <数值>], ... ]',X'737365742D4E574172576D7763474A524B6B63655639717A686551',X'736370742D364269393965546477794C426F4B3545794E416A5553',X'6176675F70726564696374696F6E',X'6176675F70726564696374696F6E2864707329',NULL,'{\"dps\": null}','prediction',0,'2020-02-19 08:40:49','2020-02-19 08:40:49'),
  (16,X'66756E632D687A5270436F6F506477796E5A446477777851356758','移动均值预测','一个对时序数据进行平均值预测\n参数：\n    dps【必须】: [ , ... ]\n返回：\n    [ [<UNIX时间戳（毫秒）>, <数值>], [<UNIX时间戳（毫秒）>, <数值>], ... ]',X'737365742D4E574172576D7763474A524B6B63655639717A686551',X'736370742D364269393965546477794C426F4B3545794E416A5553',X'6D6F76696E675F70726564696374696F6E',X'6D6F76696E675F70726564696374696F6E2864707329',NULL,'{\"dps\": null}','prediction',1,'2020-02-19 08:40:49','2020-02-19 08:40:49'),
  (17,X'66756E632D6665445234676570635035455A593859336743625233','Holt函数预测','一个对时序数据进行平均值预测\n参数：\n    dps【必须】: [ , ... ]\n返回：\n    [ [<UNIX时间戳（毫秒）>, <数值>], [<UNIX时间戳（毫秒）>, <数值>], ... ]',X'737365742D4E574172576D7763474A524B6B63655639717A686551',X'736370742D364269393965546477794C426F4B3545794E416A5553',X'686F6C745F70726564696374696F6E',X'686F6C745F70726564696374696F6E2864707329',NULL,'{\"dps\": null}','prediction',2,'2020-02-19 08:40:49','2020-02-19 08:40:49'),
  (18,X'66756E632D6E485851534A6F7A3446416B364E473850736B4B4868','MA函数预测',NULL,X'737365742D4E574172576D7763474A524B6B63655639717A686551',X'736370742D364269393965546477794C426F4B3545794E416A5553',X'6D615F70726564696374696F6E',X'6D615F70726564696374696F6E2864707329',NULL,'{\"dps\": null}','prediction',3,'2020-02-19 08:40:49','2020-02-19 08:40:49'),
  (19,X'66756E632D4A5747653479666A6B48447757373364697155614768','AR函数预测',NULL,X'737365742D4E574172576D7763474A524B6B63655639717A686551',X'736370742D364269393965546477794C426F4B3545794E416A5553',X'61725F70726564696374696F6E',X'61725F70726564696374696F6E2864707329',NULL,'{\"dps\": null}','prediction',4,'2020-02-19 08:40:49','2020-02-19 08:40:49'),
  (20,X'66756E632D796F6A545867387A557173435562514E635855706B4C','ARIMA函数预测',NULL,X'737365742D4E574172576D7763474A524B6B63655639717A686551',X'736370742D364269393965546477794C426F4B3545794E416A5553',X'6172696D615F70726564696374696F6E',X'6172696D615F70726564696374696F6E2864707329',NULL,'{\"dps\": null}','prediction',5,'2020-02-19 08:40:49','2020-02-19 08:40:49'),
  (21,X'66756E632D347A795A4753774E7A787533706A6866626E5247634E','ABS绝对值转换','返回数字的绝对值。\n参数：\n    dps【必须】: [ [<UNIX时间戳（毫秒）>, <数值>], [<UNIX时间戳（毫秒）>, <数值>], ... ]',X'737365742D4E574172576D7763474A524B6B63655639717A686551',X'736370742D747167753574736E7942676244336755756B6D48356D',X'6162735F7472616E73666F726D6174696F6E',X'6162735F7472616E73666F726D6174696F6E2864707329',NULL,'{\"dps\": null}','transformation',0,'2020-02-19 08:40:49','2020-02-19 08:40:49'),
  (22,X'66756E632D3453766268795335544466733574643548657365634D','AVG平均值转换','返回数字的平均值。\n参数：\n    dps【必须】: [ [<UNIX时间戳（毫秒）>, <数值>], [<UNIX时间戳（毫秒）>, <数值>], ... ]',X'737365742D4E574172576D7763474A524B6B63655639717A686551',X'736370742D747167753574736E7942676244336755756B6D48356D',X'6176675F7472616E73666F726D6174696F6E',X'6176675F7472616E73666F726D6174696F6E2864707329',NULL,'{\"dps\": null}','transformation',1,'2020-02-19 08:40:49','2020-02-19 08:40:49'),
  (23,X'66756E632D5477737A4262335A583646425A4A4D414C4538546E62','MAX最大值转换','返回数字的最大值。\n参数：\n    dps【必须】: [ [<UNIX时间戳（毫秒）>, <数值>], [<UNIX时间戳（毫秒）>, <数值>], ... ]',X'737365742D4E574172576D7763474A524B6B63655639717A686551',X'736370742D747167753574736E7942676244336755756B6D48356D',X'6D61785F7472616E73666F726D6174696F6E',X'6D61785F7472616E73666F726D6174696F6E2864707329',NULL,'{\"dps\": null}','transformation',2,'2020-02-19 08:40:49','2020-02-19 08:40:49'),
  (24,X'66756E632D566D6D6F4D63716F4375504B5538414174696D48514A','MIN最小值转换','返回数字的最小值。\n参数：\n    dps【必须】: [ [<UNIX时间戳（毫秒）>, <数值>], [<UNIX时间戳（毫秒）>, <数值>], ... ]',X'737365742D4E574172576D7763474A524B6B63655639717A686551',X'736370742D747167753574736E7942676244336755756B6D48356D',X'6D696E5F7472616E73666F726D6174696F6E',X'6D696E5F7472616E73666F726D6174696F6E2864707329',NULL,'{\"dps\": null}','transformation',3,'2020-02-19 08:40:49','2020-02-19 08:40:49'),
  (25,X'66756E632D36386F467771716A37726674716E614E704770504856','Even向上取偶数转换','将数字向上舍入为最接近的偶数。\n参数：\n    dps【必须】: [ [<UNIX时间戳（毫秒）>, <数值>], [<UNIX时间戳（毫秒）>, <数值>], ... ]',X'737365742D4E574172576D7763474A524B6B63655639717A686551',X'736370742D747167753574736E7942676244336755756B6D48356D',X'6576656E5F7472616E73666F726D6174696F6E',X'6576656E5F7472616E73666F726D6174696F6E2864707329',NULL,'{\"dps\": null}','transformation',4,'2020-02-19 08:40:49','2020-02-19 08:40:49'),
  (26,X'66756E632D457148524639574C784244527A747546557A617A6A4C','Odd向上取奇数转换','将数字向上舍入为最接近的奇数。\n参数：\n    dps【必须】: [ [<UNIX时间戳（毫秒）>, <数值>], [<UNIX时间戳（毫秒）>, <数值>], ... ]',X'737365742D4E574172576D7763474A524B6B63655639717A686551',X'736370742D747167753574736E7942676244336755756B6D48356D',X'6F64645F7472616E73666F726D6174696F6E',X'6F64645F7472616E73666F726D6174696F6E2864707329',NULL,'{\"dps\": null}','transformation',5,'2020-02-19 08:40:49','2020-02-19 08:40:49'),
  (27,X'66756E632D4E7A57415659574B4C6B4C41797754684254465A5545','Fact取整阶乘转换','返回数字的阶乘。\n参数：\n    dps【必须】: [ [<UNIX时间戳（毫秒）>, <数值>], [<UNIX时间戳（毫秒）>, <数值>], ... ]',X'737365742D4E574172576D7763474A524B6B63655639717A686551',X'736370742D747167753574736E7942676244336755756B6D48356D',X'666163745F7472616E73666F726D6174696F6E',X'666163745F7472616E73666F726D6174696F6E2864707329',NULL,'{\"dps\": null}','transformation',6,'2020-02-19 08:40:49','2020-02-19 08:40:49'),
  (28,X'66756E632D586873396E595977514C696B37546563595276745744','SumSQ平方和转换','返回数字的平方和。\n参数：\n    dps【必须】: [ [<UNIX时间戳（毫秒）>, <数值>], [<UNIX时间戳（毫秒）>, <数值>], ... ]',X'737365742D4E574172576D7763474A524B6B63655639717A686551',X'736370742D747167753574736E7942676244336755756B6D48356D',X'73756D73715F7472616E73666F726D6174696F6E',X'73756D73715F7472616E73666F726D6174696F6E2864707329',NULL,'{\"dps\": null}','transformation',7,'2020-02-19 08:40:49','2020-02-19 08:40:49'),
  (29,X'66756E632D45697872386F63324864746557654C7137694A43764E','RoundUp绝对值增大取整转换','向绝对值增大的方向舍入数字。\n参数：\n   dps【必须】: [ [<UNIX时间戳（毫秒）>, <数值>], [<UNIX时间戳（毫秒）>, <数值>], ... ]',X'737365742D4E574172576D7763474A524B6B63655639717A686551',X'736370742D747167753574736E7942676244336755756B6D48356D',X'726F756E6475705F7472616E73666F726D6174696F6E',X'726F756E6475705F7472616E73666F726D6174696F6E2864707329',NULL,'{\"dps\": null}','transformation',8,'2020-02-19 08:40:49','2020-02-19 08:40:49'),
  (30,X'66756E632D3973564653466B32636B4274754E335772594A424258','RoundDown绝对值减小取整转换','向绝对值减小的方向舍入数字。\n参数：\n  dps【必须】: [ [<UNIX时间戳（毫秒）>, <数值>], [<UNIX时间戳（毫秒）>, <数值>], ... ]',X'737365742D4E574172576D7763474A524B6B63655639717A686551',X'736370742D747167753574736E7942676244336755756B6D48356D',X'726F756E64646F776E5F7472616E73666F726D6174696F6E',X'726F756E64646F776E5F7472616E73666F726D6174696F6E2864707329',NULL,'{\"dps\": null}','transformation',9,'2020-02-19 08:40:49','2020-02-19 08:40:49'),
  (31,X'66756E632D6B33426E46324E776A6E4B654C43483574326277644D','Power指数幂转换','返回给定次幂的结果。\n参数：\n dps【必须】: [ [<UNIX时间戳（毫秒）>, <数值>], [<UNIX时间戳（毫秒）>, <数值>], ... ]\n significance:指定指数',X'737365742D4E574172576D7763474A524B6B63655639717A686551',X'736370742D747167753574736E7942676244336755756B6D48356D',X'706F7765725F7472616E73666F726D6174696F6E',X'706F7765725F7472616E73666F726D6174696F6E286470732C207369676E69666963616E636529',NULL,'{\"dps\": null, \"significance\": null}','transformation',10,'2020-02-19 08:40:49','2020-02-19 08:40:49'),
  (32,X'66756E632D70634251547576746843624E62385361616A62355457','Ceiling取整转换','将数字四舍五入为最接近的整数或最接近的指定基数的倍数。\n参数：\n    dps【必须】: [ [<UNIX时间戳（毫秒）>, <数值>], [<UNIX时间戳（毫秒）>, <数值>], ... ]\n    significance:指定基数的倍数',X'737365742D4E574172576D7763474A524B6B63655639717A686551',X'736370742D747167753574736E7942676244336755756B6D48356D',X'6365696C696E675F7472616E73666F726D6174696F6E',X'6365696C696E675F7472616E73666F726D6174696F6E286470732C207369676E69666963616E636529',NULL,'{\"dps\": null, \"significance\": null}','transformation',11,'2020-02-19 08:40:49','2020-02-19 08:40:49'),
  (33,X'66756E632D704855616F664D51537532384B376D4357796638466A','AccumuAll累加转换','将前n个元素累加求和。\n参数：\n    dps【必须】: [ [<UNIX时间戳（毫秒）>, <数值>], [<UNIX时间戳（毫秒）>, <数值>], ... ]',X'737365742D4E574172576D7763474A524B6B63655639717A686551',X'736370742D747167753574736E7942676244336755756B6D48356D',X'616363756D75616C6C5F7472616E73666F726D6174696F6E',X'616363756D75616C6C5F7472616E73666F726D6174696F6E2864707329',NULL,'{\"dps\": null}','transformation',12,'2020-02-19 08:40:49','2020-02-19 08:40:49'),
  (34,X'66756E632D67487A714A6A77516262564B686F69454E35394D3363','Accumu2求和转换','将每相邻2个元素累加求和。\n参数：\n    dps【必须】: [ [<UNIX时间戳（毫秒）>, <数值>], [<UNIX时间戳（毫秒）>, <数值>], ... ]',X'737365742D4E574172576D7763474A524B6B63655639717A686551',X'736370742D747167753574736E7942676244336755756B6D48356D',X'616363756D75325F7472616E73666F726D6174696F6E',X'616363756D75325F7472616E73666F726D6174696F6E2864707329',NULL,'{\"dps\": null}','transformation',13,'2020-02-19 08:40:49','2020-02-19 08:40:49'),
  (35,X'66756E632D566A516F566A50387048504C7A5738364A4236536267','ACOSH反双曲余弦转换','返回数字的反双曲余弦值。\n参数：\n    dps【必须】: [ [<UNIX时间戳（毫秒）>, <数值>], [<UNIX时间戳（毫秒）>, <数值>], ... ]',X'737365742D4E574172576D7763474A524B6B63655639717A686551',X'736370742D747167753574736E7942676244336755756B6D48356D',X'61636F73685F7472616E73666F726D6174696F6E',X'61636F73685F7472616E73666F726D6174696F6E2864707329',NULL,'{\"dps\": null}','transformation',14,'2020-02-19 08:40:49','2020-02-19 08:40:49');

/*!40000 ALTER TABLE `biz_main_func` ENABLE KEYS */;
UNLOCK TABLES;


# Dump of table biz_main_script
# ------------------------------------------------------------

DROP TABLE IF EXISTS `biz_main_script`;

CREATE TABLE `biz_main_script` (
  `seq` bigint(20) unsigned NOT NULL AUTO_INCREMENT,
  `id` char(65) CHARACTER SET utf8mb4 COLLATE utf8mb4_bin NOT NULL,
  `title` varchar(256) DEFAULT NULL COMMENT '标题',
  `description` text COMMENT '描述',
  `scriptSetId` char(65) CHARACTER SET utf8mb4 COLLATE utf8mb4_bin NOT NULL COMMENT '所属脚本集ID',
  `refName` varchar(128) CHARACTER SET utf8mb4 COLLATE utf8mb4_bin NOT NULL COMMENT '引用名',
  `publishVersion` bigint(20) NOT NULL DEFAULT '0' COMMENT '发布版本',
  `code` longtext CHARACTER SET utf8mb4 COLLATE utf8mb4_bin COMMENT '代码',
  `codeMD5` char(65) CHARACTER SET utf8mb4 COLLATE utf8mb4_bin DEFAULT NULL COMMENT '代码MD5',
  `codeDraft` longtext CHARACTER SET utf8mb4 COLLATE utf8mb4_bin COMMENT '代码（编辑中草稿）',
  `codeDraftMD5` char(65) CHARACTER SET utf8mb4 COLLATE utf8mb4_bin DEFAULT NULL COMMENT '代码（编辑中草稿）MD5',
  `createTime` timestamp NOT NULL DEFAULT CURRENT_TIMESTAMP,
  `updateTime` timestamp NOT NULL DEFAULT CURRENT_TIMESTAMP ON UPDATE CURRENT_TIMESTAMP,
  PRIMARY KEY (`seq`),
  UNIQUE KEY `ID` (`id`),
  UNIQUE KEY `BIZ` (`scriptSetId`,`refName`),
  FULLTEXT KEY `FT` (`refName`,`code`,`codeDraft`)
) ENGINE=InnoDB DEFAULT CHARSET=utf8mb4 COMMENT='脚本';

LOCK TABLES `biz_main_script` WRITE;
/*!40000 ALTER TABLE `biz_main_script` DISABLE KEYS */;

INSERT INTO `biz_main_script` (`seq`, `id`, `title`, `description`, `scriptSetId`, `refName`, `publishVersion`, `code`, `codeMD5`, `codeDraft`, `codeDraftMD5`, `createTime`, `updateTime`)
VALUES
  (2,X'736370742D6F75765550686A544E396552524A655747557578726B','数据源调用DEMO','主要包含了一些涉及数据源调用函数的DEMO',X'737365742D4868716D71625A34333547633354336B336E4D725556',X'64617461736F757263655F64656D6F',1,X'404446462E4150492827496E666C75784442E6938DE4BD9CE6BC94E7A4BA27290A64656620696E666C757864625F64656D6F28293A0A202020202727270A20202020E69CACE587BDE695B0E4BB8EE695B0E68DAEE6BA906064656D6F5F696E666C7578646260E4B8ADE69FA5E8AFA233E69DA16064656D6F60E68C87E6A0870A202020202727270A202020206462203D204446462E535243282764656D6F5F696E666C7578646227290A2020202072657475726E2064622E7175657279282753454C454354202A2046524F4D2064656D6F204C494D4954203327290A0A404446462E41504928274D7953514CE6938DE4BD9CE6BC94E7A4BA27290A646566206D7973716C5F64656D6F28293A0A202020202727270A20202020E69CACE587BDE695B0E4BB8EE695B0E68DAEE6BA906064656D6F5F6D7973716C60E4B8ADE69FA5E8AFA26064656D6F60E8A1A8E695B0E68DAE0A202020202727270A2020202068656C706572203D204446462E535243282764656D6F5F6D7973716C27290A2020202072657475726E2068656C7065722E7175657279282753454C454354202A2046524F4D2064656D6F27290A0A404446462E41504928275265646973E6938DE4BD9CE6BC94E7A4BA27290A6465662072656469735F64656D6F28293A0A202020202727270A20202020E69CACE587BDE695B0E5AFB9E695B0E68DAEE6BA906064656D6F5F726564697360E4B8ADE79A846064656D6F60E994AEE8BF9BE8A18CE58AA0E4B880E8AEA1E695B00A20202020E5B9B6E8BF94E59B9EE5BD93E5898D6064656D6F60E994AEE79A84E580BC0A202020202727270A2020202068656C706572203D204446462E535243282764656D6F5F726564697327290A2020202068656C7065722E72756E2827696E6372272C202764656D6F27290A2020202072657475726E2068656C7065722E72756E2827676574272C202764656D6F27290A0A404446462E4150492827E58685E7BDAE44617461466C75782044617461776179E6938DE4BD9CE6BC94E7A4BA27290A6465662064665F646174617761795F64656D6F28293A0A202020202727270A20202020E69CACE587BDE695B0E5AFB9E695B0E68DAEE6BA906064665F6461746177617960E6B7BBE58AA0E4B880E4B8AAE695B0E68DAEE782B9EFBC8CE5B9B6E8BF94E59B9EE698AFE590A6E68890E58A9F0A202020202727270A2020202068656C706572203D204446462E535243282764665F6461746177617927290A2020202072657475726E2068656C7065722E77726974655F706F696E74280A20202020202020206D6561737572656D656E743D27736F6D655F6D6561737572656D656E74272C0A2020202020202020746167733D7B276E616D65273A2027546F6D277D2C0A20202020202020206669656C64733D7B2776616C7565273A2031307D2C0A202020202020202074696D657374616D703D4E6F6E6529',X'6463343562313232646439623565323062323131356163383034633838366232',X'404446462E4150492827496E666C75784442E6938DE4BD9CE6BC94E7A4BA27290A64656620696E666C757864625F64656D6F28293A0A202020202727270A20202020E69CACE587BDE695B0E4BB8EE695B0E68DAEE6BA906064656D6F5F696E666C7578646260E4B8ADE69FA5E8AFA233E69DA16064656D6F60E68C87E6A0870A202020202727270A202020206462203D204446462E535243282764656D6F5F696E666C7578646227290A2020202072657475726E2064622E7175657279282753454C454354202A2046524F4D2064656D6F204C494D4954203327290A0A404446462E41504928274D7953514CE6938DE4BD9CE6BC94E7A4BA27290A646566206D7973716C5F64656D6F28293A0A202020202727270A20202020E69CACE587BDE695B0E4BB8EE695B0E68DAEE6BA906064656D6F5F6D7973716C60E4B8ADE69FA5E8AFA26064656D6F60E8A1A8E695B0E68DAE0A202020202727270A2020202068656C706572203D204446462E535243282764656D6F5F6D7973716C27290A2020202072657475726E2068656C7065722E7175657279282753454C454354202A2046524F4D2064656D6F27290A0A404446462E41504928275265646973E6938DE4BD9CE6BC94E7A4BA27290A6465662072656469735F64656D6F28293A0A202020202727270A20202020E69CACE587BDE695B0E5AFB9E695B0E68DAEE6BA906064656D6F5F726564697360E4B8ADE79A846064656D6F60E994AEE8BF9BE8A18CE58AA0E4B880E8AEA1E695B00A20202020E5B9B6E8BF94E59B9EE5BD93E5898D6064656D6F60E994AEE79A84E580BC0A202020202727270A2020202068656C706572203D204446462E535243282764656D6F5F726564697327290A2020202068656C7065722E72756E2827696E6372272C202764656D6F27290A2020202072657475726E2068656C7065722E72756E2827676574272C202764656D6F27290A0A404446462E4150492827E58685E7BDAE44617461466C75782044617461776179E6938DE4BD9CE6BC94E7A4BA27290A6465662064665F646174617761795F64656D6F28293A0A202020202727270A20202020E69CACE587BDE695B0E5AFB9E695B0E68DAEE6BA906064665F6461746177617960E6B7BBE58AA0E4B880E4B8AAE695B0E68DAEE782B9EFBC8CE5B9B6E8BF94E59B9EE698AFE590A6E68890E58A9F0A202020202727270A2020202068656C706572203D204446462E535243282764665F6461746177617927290A2020202072657475726E2068656C7065722E77726974655F706F696E74280A20202020202020206D6561737572656D656E743D27736F6D655F6D6561737572656D656E74272C0A2020202020202020746167733D7B276E616D65273A2027546F6D277D2C0A20202020202020206669656C64733D7B2776616C7565273A2031307D2C0A202020202020202074696D657374616D703D4E6F6E6529',X'6463343562313232646439623565323062323131356163383034633838366232','2019-12-09 15:25:22','2020-02-19 08:47:56'),
  (4,X'736370742D364269393965546477794C426F4B3545794E416A5553','FT预测函数','预测函数脚本集',X'737365742D4E574172576D7763474A524B6B63655639717A686551',X'66745F70726564',1,X'696D706F7274206E756D7079206173206E700A696D706F72742072616E646F6D0A696D706F72742072657175657374730A696D706F72742070616E6461732061732070640A66726F6D206D61746820696D706F727420737172740A66726F6D2073746174736D6F64656C732E7473612E61706920696D706F7274204578706F6E656E7469616C536D6F6F7468696E670A66726F6D2073746174736D6F64656C732E7473612E6172696D615F6D6F64656C20696D706F7274204152494D410A66726F6D2073746174736D6F64656C732E7473612E6172696D615F6D6F64656C20696D706F72742041524D410A66726F6D2073746174736D6F64656C732E7473612E61725F6D6F64656C20696D706F72742041520A0A404446462E4150492827E5B9B3E59D87E580BCE9A284E6B58B272C2063617465676F72793D2770726564696374696F6E27290A646566206176675F70726564696374696F6E28647073293A0A202020202727270A20202020E4B880E4B8AAE5AFB9E697B6E5BA8FE695B0E68DAEE8BF9BE8A18CE5B9B3E59D87E580BCE9A284E6B58B0A20202020E58F82E695B0EFBC9A0A2020202020202020647073E38090E5BF85E9A1BBE380913A205B202C202E2E2E205D0A20202020E8BF94E59B9EEFBC9A0A20202020202020205B205B3C554E4958E697B6E997B4E688B3EFBC88E6AFABE7A792EFBC893E2C203CE695B0E580BC3E5D2C205B3C554E4958E697B6E997B4E688B3EFBC88E6AFABE7A792EFBC893E2C203CE695B0E580BC3E5D2C202E2E2E205D0A202020202727270A20202020747261696E203D2070642E446174614672616D6528647073290A20202020747261696E2E696E646578203D2070642E746F5F6461746574696D6528747261696E5B305D2C756E69743D276D73272C6F726967696E3D70642E54696D657374616D702827313937302D30312D30312030383A30303A30302729290A20202020747261696E5B315D203D20747261696E5B315D2E6173747970652822666C6F6174363422290A20202020747261696E5B276176675F666F726563617374275D203D20747261696E5B315D2E6D65616E28290A2020202074696D655F706F696E74203D20747261696E5B305D5B6C656E28747261696E5B305D292D315D0A2020202074696D655F64696666203D20747261696E5B305D5B6C656E28747261696E5B305D292D315D202D20747261696E5B305D5B6C656E28747261696E5B305D292D325D0A202020206D65616E203D20747261696E5B276176675F666F726563617374275D5B305D0A0A20202020726574203D205B5D0A20202020666F72206920696E2072616E6765283530293A0A202020202020202074696D655F706F696E74202B3D2074696D655F646966660A202020202020202076616C7565203D20726F756E64286D65616E2C32290A20202020202020206966206E702E69736E616E2876616C7565293A0A20202020202020202020202076616C7565203D204E6F6E650A20202020202020207265742E617070656E64285B0A202020202020202020202020696E742874696D655F706F696E74292C0A20202020202020202020202076616C75650A20202020202020205D290A2020202072657475726E207265740A0A404446462E4150492827E7A7BBE58AA8E59D87E580BCE9A284E6B58B272C2063617465676F72793D2770726564696374696F6E27290A646566206D6F76696E675F70726564696374696F6E28647073293A0A202020202727270A20202020E4B880E4B8AAE5AFB9E697B6E5BA8FE695B0E68DAEE8BF9BE8A18CE5B9B3E59D87E580BCE9A284E6B58B0A20202020E58F82E695B0EFBC9A0A2020202020202020647073E38090E5BF85E9A1BBE380913A205B202C202E2E2E205D0A20202020E8BF94E59B9EEFBC9A0A20202020202020205B205B3C554E4958E697B6E997B4E688B3EFBC88E6AFABE7A792EFBC893E2C203CE695B0E580BC3E5D2C205B3C554E4958E697B6E997B4E688B3EFBC88E6AFABE7A792EFBC893E2C203CE695B0E580BC3E5D2C202E2E2E205D0A202020202727270A20202020747261696E203D2070642E446174614672616D6528647073290A20202020747261696E2E696E646578203D2070642E746F5F6461746574696D6528747261696E5B305D2C756E69743D276D73272C6F726967696E3D70642E54696D657374616D702827313937302D30312D30312030383A30303A30302729290A20202020747261696E5B315D203D20747261696E5B315D2E6173747970652822666C6F6174363422290A20202020747261696E5B276D6F76696E675F6176675F666F726563617374275D203D20747261696E5B315D2E726F6C6C696E672832292E6D65616E28292E696C6F635B2D315D0A2020202074696D655F706F696E74203D20747261696E5B305D5B6C656E28747261696E5B305D292D315D0A2020202074696D655F64696666203D20747261696E5B305D5B6C656E28747261696E5B305D292D315D202D20747261696E5B305D5B6C656E28747261696E5B305D292D325D0A202020206D65616E203D20747261696E5B276D6F76696E675F6176675F666F726563617374275D5B305D0A20202020726574203D205B5D0A20202020666F72206920696E2072616E6765283530293A0A202020202020202074696D655F706F696E74202B3D2074696D655F646966660A202020202020202076616C7565203D20726F756E64286D65616E2C32290A20202020202020206966206E702E69736E616E2876616C7565293A0A20202020202020202020202076616C7565203D204E6F6E650A20202020202020207265742E617070656E64285B0A202020202020202020202020696E742874696D655F706F696E74292C0A20202020202020202020202076616C75650A20202020202020205D290A2020202072657475726E207265740A0A404446462E4150492827486F6C74E587BDE695B0E9A284E6B58B272C2063617465676F72793D2770726564696374696F6E27290A64656620686F6C745F70726564696374696F6E28647073293A0A202020202222220A20202020E4B880E4B8AAE5AFB9E697B6E5BA8FE695B0E68DAEE8BF9BE8A18CE5B9B3E59D87E580BCE9A284E6B58B0A20202020E58F82E695B0EFBC9A0A2020202020202020647073E38090E5BF85E9A1BBE380913A205B202C202E2E2E205D0A20202020E8BF94E59B9EEFBC9A0A20202020202020205B205B3C554E4958E697B6E997B4E688B3EFBC88E6AFABE7A792EFBC893E2C203CE695B0E580BC3E5D2C205B3C554E4958E697B6E997B4E688B3EFBC88E6AFABE7A792EFBC893E2C203CE695B0E580BC3E5D2C202E2E2E205D0A202020202222220A20202020747261696E203D2070642E446174614672616D6528647073290A20202020747261696E2E696E646578203D2070642E746F5F6461746574696D6528747261696E5B305D2C756E69743D276D73272C6F726967696E3D70642E54696D657374616D702827313937302D30312D30312030383A30303A30302729290A20202020747261696E5B315D203D20747261696E5B315D2E6173747970652822666C6F6174363422290A2020202066697431203D204578706F6E656E7469616C536D6F6F7468696E67286E702E6173617272617928747261696E5B315D292C736561736F6E616C5F706572696F64733D372C7472656E643D27616464272C736561736F6E616C3D2761646427292E66697428290A20202020795F6861745F617667203D20666974312E666F726563617374283530290A2020202074696D655F706F696E74203D20747261696E5B305D5B6C656E28747261696E5B305D292D315D0A2020202074696D655F64696666203D20747261696E5B305D5B6C656E28747261696E5B305D292D315D202D20747261696E5B305D5B6C656E28747261696E5B305D292D325D0A20202020726574203D205B5D0A20202020666F72206920696E20795F6861745F6176673A0A202020202020202074696D655F706F696E74202B3D2074696D655F646966660A202020202020202076616C7565203D20726F756E6428692C32290A20202020202020206966206E702E69736E616E2876616C7565293A0A20202020202020202020202076616C7565203D204E6F6E650A20202020202020207265742E617070656E64285B0A202020202020202020202020696E742874696D655F706F696E74292C0A20202020202020202020202076616C75650A20202020202020205D290A2020202072657475726E207265740A404446462E41504928274D41E587BDE695B0E9A284E6B58B272C2063617465676F72793D2770726564696374696F6E27290A646566206D615F70726564696374696F6E28647073293A0A20202020747261696E203D2070642E446174614672616D6528647073290A20202020747261696E2E696E646578203D2070642E746F5F6461746574696D6528747261696E5B305D2C756E69743D276D73272C6F726967696E3D70642E54696D657374616D702827313937302D30312D30312030383A30303A30302729290A20202020747261696E5B315D203D20747261696E5B315D2E6173747970652822666C6F6174363422290A20202020747261696E5B305D203D20747261696E5B305D2E6173747970652822696E74363422290A2020202074696D655F706F696E74203D20747261696E5B305D5B6C656E28747261696E5B305D292D315D0A2020202074696D655F64696666203D20747261696E5B305D5B6C656E28747261696E5B305D292D315D202D20747261696E5B305D5B6C656E28747261696E5B305D292D325D0A2020202064617461203D20747261696E5B315D2E746F6C69737428290A202020206D6F64656C203D2041524D4128646174612C206F726465723D28302C3729290A202020206D6F64656C5F666974203D206D6F64656C2E66697428646973703D46616C7365290A2020202023206D616B652070726564696374696F6E0A2020202079686174203D206D6F64656C5F6669742E70726564696374286C656E2864617461292C206C656E2864617461292B3230290A202020207072696E742879686174290A202020207072696E742874696D655F64696666290A20202020726574203D205B5D0A20202020666F72206920696E20796861743A0A202020202020202074696D655F706F696E74202B3D2074696D655F646966660A202020202020202076616C7565203D20726F756E6428692C32290A20202020202020206966206E702E69736E616E2876616C7565293A0A20202020202020202020202076616C7565203D204E6F6E650A20202020202020207265742E617070656E64285B0A202020202020202020202020696E742874696D655F706F696E74292C0A20202020202020202020202076616C75650A20202020202020205D290A2020202072657475726E207265740A0A404446462E41504928274152E587BDE695B0E9A284E6B58B272C2063617465676F72793D2770726564696374696F6E27290A6465662061725F70726564696374696F6E28647073293A0A20202020747261696E203D2070642E446174614672616D6528647073290A20202020747261696E2E696E646578203D2070642E746F5F6461746574696D6528747261696E5B305D2C756E69743D276D73272C6F726967696E3D70642E54696D657374616D702827313937302D30312D30312030383A30303A30302729290A20202020747261696E5B315D203D20747261696E5B315D2E6173747970652822666C6F6174363422290A20202020747261696E5B305D203D20747261696E5B305D2E6173747970652822696E74363422290A2020202074696D655F706F696E74203D20747261696E5B305D5B6C656E28747261696E5B305D292D315D0A2020202074696D655F64696666203D20747261696E5B305D5B6C656E28747261696E5B305D292D315D202D20747261696E5B305D5B6C656E28747261696E5B305D292D325D0A2020202064617461203D20747261696E5B315D2E746F6C69737428290A202020206D6F64656C203D2041522864617461290A202020206D6F64656C5F666974203D206D6F64656C2E66697428290A2020202023206D616B652070726564696374696F6E0A2020202079686174203D206D6F64656C5F6669742E70726564696374286C656E2864617461292C206C656E2864617461292B3330290A0A20202020726574203D205B5D0A20202020666F72206920696E20796861743A0A202020202020202074696D655F706F696E74202B3D2074696D655F646966660A202020202020202076616C7565203D20726F756E6428692C32290A20202020202020206966206E702E69736E616E2876616C7565293A0A20202020202020202020202076616C7565203D204E6F6E650A20202020202020207265742E617070656E64285B0A202020202020202020202020696E742874696D655F706F696E74292C0A20202020202020202020202076616C75650A20202020202020205D290A2020202072657475726E207265740A0A404446462E41504928274152494D41E587BDE695B0E9A284E6B58B272C2063617465676F72793D2770726564696374696F6E27290A646566206172696D615F70726564696374696F6E28647073293A0A20202020747261696E203D2070642E446174614672616D6528647073290A20202020747261696E2E696E646578203D2070642E746F5F6461746574696D6528747261696E5B305D2C756E69743D276D73272C6F726967696E3D70642E54696D657374616D702827313937302D30312D30312030383A30303A30302729290A20202020747261696E5B315D203D20747261696E5B315D2E6173747970652822666C6F6174363422290A20202020747261696E5B305D203D20747261696E5B305D2E6173747970652822696E74363422290A2020202074696D655F706F696E74203D20747261696E5B305D5B6C656E28747261696E5B305D292D315D0A2020202074696D655F64696666203D20747261696E5B305D5B6C656E28747261696E5B305D292D315D202D20747261696E5B305D5B6C656E28747261696E5B305D292D325D0A2020202064617461203D20747261696E5B315D2E746F6C69737428290A202020206D6F64656C203D2041522864617461290A202020206D6F64656C5F666974203D206D6F64656C2E66697428290A2020202023206D616B652070726564696374696F6E0A2020202079686174203D206D6F64656C5F6669742E70726564696374286C656E2864617461292C206C656E2864617461292B3230290A0A20202020726574203D205B5D0A20202020666F72206920696E20796861743A0A202020202020202074696D655F706F696E74202B3D2074696D655F646966660A202020202020202076616C7565203D20726F756E6428692C32290A20202020202020206966206E702E69736E616E2876616C7565293A0A20202020202020202020202076616C7565203D204E6F6E650A20202020202020207265742E617070656E64285B0A202020202020202020202020696E742874696D655F706F696E74292C0A20202020202020202020202076616C75650A20202020202020205D290A2020202072657475726E207265740A0A64656620746573745F70726564696374696F6E28293A0A20202020647073203D5B5B313538313737373830303030302C202D33332E35353434343232333831323132345D2C5B313538313737373831303030302C202D35302E38333636333631323837303733325D2C5B313538313737373832303030302C202D33392E35353637323133343136303133395D2C5B313538313737373833303030302C202D33382E33393531383335393938323632325D2C5B313538313737373834303030302C202D33362E32323939373932323335303531315D2C5B313538313737373835303030302C202D33362E37383437373134373539363934315D2C0A5B313538313737373836303030302C202D32302E31323631363033343430313332395D2C0A5B313538313737373837303030302C202D33362E35343835363234303438313537325D2C0A5B313538313737373838303030302C202D33302E33313030363135323433363537305D2C0A5B313538313737373839303030302C202D34322E35333332313636303938313039345D2C0A5B313538313737373930303030302C202D31332E32303432373139353031313432355D2C0A5B313538313737373931303030302C202D31342E35333534363636383734383835375D2C0A5B313538313737373932303030302C202D31352E35353732353234363030363930325D2C0A5B313538313737373933303030302C202D32362E37363036353731363539373139315D2C0A5B313538313737373934303030302C202D33352E35353539393831313630323033325D5D0A20202020747261696E203D2070642E446174614672616D6528647073290A20202020747261696E2E696E646578203D2070642E746F5F6461746574696D6528747261696E5B305D2C756E69743D276D73272C6F726967696E3D70642E54696D657374616D702827313937302D30312D30312030383A30303A30302729290A20202020747261696E5B315D203D20747261696E5B315D2E6173747970652822666C6F6174363422290A20202020747261696E5B305D203D20747261696E5B305D2E6173747970652822696E74363422290A2020202074696D655F706F696E74203D20747261696E5B305D5B6C656E28747261696E5B305D292D315D0A2020202074696D655F64696666203D20747261696E5B305D5B6C656E28747261696E5B305D292D315D202D20747261696E5B305D5B6C656E28747261696E5B305D292D325D0A2020202064617461203D20747261696E5B315D2E746F6C69737428290A202020206D6F64656C203D2041524D4128646174612C206F726465723D28302C3729290A202020206D6F64656C5F666974203D206D6F64656C2E66697428646973703D46616C7365290A2020202023206D616B652070726564696374696F6E0A2020202079686174203D206D6F64656C5F6669742E70726564696374286C656E2864617461292C206C656E2864617461292B3230290A202020207072696E742879686174290A202020207072696E742874696D655F64696666290A20202020726574203D205B5D0A20202020666F72206920696E20796861743A0A202020202020202074696D655F706F696E74202B3D2074696D655F646966660A202020202020202076616C7565203D20726F756E6428692C32290A20202020202020206966206E702E69736E616E2876616C7565293A0A20202020202020202020202076616C7565203D204E6F6E650A20202020202020207265742E617070656E64285B0A202020202020202020202020696E742874696D655F706F696E74292C0A20202020202020202020202076616C75650A20202020202020205D290A2020202072657475726E207265740A0A',NULL,X'696D706F7274206E756D7079206173206E700A696D706F72742072616E646F6D0A696D706F72742072657175657374730A696D706F72742070616E6461732061732070640A66726F6D206D61746820696D706F727420737172740A66726F6D2073746174736D6F64656C732E7473612E61706920696D706F7274204578706F6E656E7469616C536D6F6F7468696E670A66726F6D2073746174736D6F64656C732E7473612E6172696D615F6D6F64656C20696D706F7274204152494D410A66726F6D2073746174736D6F64656C732E7473612E6172696D615F6D6F64656C20696D706F72742041524D410A66726F6D2073746174736D6F64656C732E7473612E61725F6D6F64656C20696D706F72742041520A0A404446462E4150492827E5B9B3E59D87E580BCE9A284E6B58B272C2063617465676F72793D2770726564696374696F6E27290A646566206176675F70726564696374696F6E28647073293A0A202020202727270A20202020E4B880E4B8AAE5AFB9E697B6E5BA8FE695B0E68DAEE8BF9BE8A18CE5B9B3E59D87E580BCE9A284E6B58B0A20202020E58F82E695B0EFBC9A0A2020202020202020647073E38090E5BF85E9A1BBE380913A205B202C202E2E2E205D0A20202020E8BF94E59B9EEFBC9A0A20202020202020205B205B3C554E4958E697B6E997B4E688B3EFBC88E6AFABE7A792EFBC893E2C203CE695B0E580BC3E5D2C205B3C554E4958E697B6E997B4E688B3EFBC88E6AFABE7A792EFBC893E2C203CE695B0E580BC3E5D2C202E2E2E205D0A202020202727270A20202020747261696E203D2070642E446174614672616D6528647073290A20202020747261696E2E696E646578203D2070642E746F5F6461746574696D6528747261696E5B305D2C756E69743D276D73272C6F726967696E3D70642E54696D657374616D702827313937302D30312D30312030383A30303A30302729290A20202020747261696E5B315D203D20747261696E5B315D2E6173747970652822666C6F6174363422290A20202020747261696E5B276176675F666F726563617374275D203D20747261696E5B315D2E6D65616E28290A2020202074696D655F706F696E74203D20747261696E5B305D5B6C656E28747261696E5B305D292D315D0A2020202074696D655F64696666203D20747261696E5B305D5B6C656E28747261696E5B305D292D315D202D20747261696E5B305D5B6C656E28747261696E5B305D292D325D0A202020206D65616E203D20747261696E5B276176675F666F726563617374275D5B305D0A0A20202020726574203D205B5D0A20202020666F72206920696E2072616E6765283530293A0A202020202020202074696D655F706F696E74202B3D2074696D655F646966660A202020202020202076616C7565203D20726F756E64286D65616E2C32290A20202020202020206966206E702E69736E616E2876616C7565293A0A20202020202020202020202076616C7565203D204E6F6E650A20202020202020207265742E617070656E64285B0A202020202020202020202020696E742874696D655F706F696E74292C0A20202020202020202020202076616C75650A20202020202020205D290A2020202072657475726E207265740A0A404446462E4150492827E7A7BBE58AA8E59D87E580BCE9A284E6B58B272C2063617465676F72793D2770726564696374696F6E27290A646566206D6F76696E675F70726564696374696F6E28647073293A0A202020202727270A20202020E4B880E4B8AAE5AFB9E697B6E5BA8FE695B0E68DAEE8BF9BE8A18CE5B9B3E59D87E580BCE9A284E6B58B0A20202020E58F82E695B0EFBC9A0A2020202020202020647073E38090E5BF85E9A1BBE380913A205B202C202E2E2E205D0A20202020E8BF94E59B9EEFBC9A0A20202020202020205B205B3C554E4958E697B6E997B4E688B3EFBC88E6AFABE7A792EFBC893E2C203CE695B0E580BC3E5D2C205B3C554E4958E697B6E997B4E688B3EFBC88E6AFABE7A792EFBC893E2C203CE695B0E580BC3E5D2C202E2E2E205D0A202020202727270A20202020747261696E203D2070642E446174614672616D6528647073290A20202020747261696E2E696E646578203D2070642E746F5F6461746574696D6528747261696E5B305D2C756E69743D276D73272C6F726967696E3D70642E54696D657374616D702827313937302D30312D30312030383A30303A30302729290A20202020747261696E5B315D203D20747261696E5B315D2E6173747970652822666C6F6174363422290A20202020747261696E5B276D6F76696E675F6176675F666F726563617374275D203D20747261696E5B315D2E726F6C6C696E672832292E6D65616E28292E696C6F635B2D315D0A2020202074696D655F706F696E74203D20747261696E5B305D5B6C656E28747261696E5B305D292D315D0A2020202074696D655F64696666203D20747261696E5B305D5B6C656E28747261696E5B305D292D315D202D20747261696E5B305D5B6C656E28747261696E5B305D292D325D0A202020206D65616E203D20747261696E5B276D6F76696E675F6176675F666F726563617374275D5B305D0A20202020726574203D205B5D0A20202020666F72206920696E2072616E6765283530293A0A202020202020202074696D655F706F696E74202B3D2074696D655F646966660A202020202020202076616C7565203D20726F756E64286D65616E2C32290A20202020202020206966206E702E69736E616E2876616C7565293A0A20202020202020202020202076616C7565203D204E6F6E650A20202020202020207265742E617070656E64285B0A202020202020202020202020696E742874696D655F706F696E74292C0A20202020202020202020202076616C75650A20202020202020205D290A2020202072657475726E207265740A0A404446462E4150492827486F6C74E587BDE695B0E9A284E6B58B272C2063617465676F72793D2770726564696374696F6E27290A64656620686F6C745F70726564696374696F6E28647073293A0A202020202222220A20202020E4B880E4B8AAE5AFB9E697B6E5BA8FE695B0E68DAEE8BF9BE8A18CE5B9B3E59D87E580BCE9A284E6B58B0A20202020E58F82E695B0EFBC9A0A2020202020202020647073E38090E5BF85E9A1BBE380913A205B202C202E2E2E205D0A20202020E8BF94E59B9EEFBC9A0A20202020202020205B205B3C554E4958E697B6E997B4E688B3EFBC88E6AFABE7A792EFBC893E2C203CE695B0E580BC3E5D2C205B3C554E4958E697B6E997B4E688B3EFBC88E6AFABE7A792EFBC893E2C203CE695B0E580BC3E5D2C202E2E2E205D0A202020202222220A20202020747261696E203D2070642E446174614672616D6528647073290A20202020747261696E2E696E646578203D2070642E746F5F6461746574696D6528747261696E5B305D2C756E69743D276D73272C6F726967696E3D70642E54696D657374616D702827313937302D30312D30312030383A30303A30302729290A20202020747261696E5B315D203D20747261696E5B315D2E6173747970652822666C6F6174363422290A2020202066697431203D204578706F6E656E7469616C536D6F6F7468696E67286E702E6173617272617928747261696E5B315D292C736561736F6E616C5F706572696F64733D372C7472656E643D27616464272C736561736F6E616C3D2761646427292E66697428290A20202020795F6861745F617667203D20666974312E666F726563617374283530290A2020202074696D655F706F696E74203D20747261696E5B305D5B6C656E28747261696E5B305D292D315D0A2020202074696D655F64696666203D20747261696E5B305D5B6C656E28747261696E5B305D292D315D202D20747261696E5B305D5B6C656E28747261696E5B305D292D325D0A20202020726574203D205B5D0A20202020666F72206920696E20795F6861745F6176673A0A202020202020202074696D655F706F696E74202B3D2074696D655F646966660A202020202020202076616C7565203D20726F756E6428692C32290A20202020202020206966206E702E69736E616E2876616C7565293A0A20202020202020202020202076616C7565203D204E6F6E650A20202020202020207265742E617070656E64285B0A202020202020202020202020696E742874696D655F706F696E74292C0A20202020202020202020202076616C75650A20202020202020205D290A2020202072657475726E207265740A404446462E41504928274D41E587BDE695B0E9A284E6B58B272C2063617465676F72793D2770726564696374696F6E27290A646566206D615F70726564696374696F6E28647073293A0A20202020747261696E203D2070642E446174614672616D6528647073290A20202020747261696E2E696E646578203D2070642E746F5F6461746574696D6528747261696E5B305D2C756E69743D276D73272C6F726967696E3D70642E54696D657374616D702827313937302D30312D30312030383A30303A30302729290A20202020747261696E5B315D203D20747261696E5B315D2E6173747970652822666C6F6174363422290A20202020747261696E5B305D203D20747261696E5B305D2E6173747970652822696E74363422290A2020202074696D655F706F696E74203D20747261696E5B305D5B6C656E28747261696E5B305D292D315D0A2020202074696D655F64696666203D20747261696E5B305D5B6C656E28747261696E5B305D292D315D202D20747261696E5B305D5B6C656E28747261696E5B305D292D325D0A2020202064617461203D20747261696E5B315D2E746F6C69737428290A202020206D6F64656C203D2041524D4128646174612C206F726465723D28302C3729290A202020206D6F64656C5F666974203D206D6F64656C2E66697428646973703D46616C7365290A2020202023206D616B652070726564696374696F6E0A2020202079686174203D206D6F64656C5F6669742E70726564696374286C656E2864617461292C206C656E2864617461292B3230290A202020207072696E742879686174290A202020207072696E742874696D655F64696666290A20202020726574203D205B5D0A20202020666F72206920696E20796861743A0A202020202020202074696D655F706F696E74202B3D2074696D655F646966660A202020202020202076616C7565203D20726F756E6428692C32290A20202020202020206966206E702E69736E616E2876616C7565293A0A20202020202020202020202076616C7565203D204E6F6E650A20202020202020207265742E617070656E64285B0A202020202020202020202020696E742874696D655F706F696E74292C0A20202020202020202020202076616C75650A20202020202020205D290A2020202072657475726E207265740A0A404446462E41504928274152E587BDE695B0E9A284E6B58B272C2063617465676F72793D2770726564696374696F6E27290A6465662061725F70726564696374696F6E28647073293A0A20202020747261696E203D2070642E446174614672616D6528647073290A20202020747261696E2E696E646578203D2070642E746F5F6461746574696D6528747261696E5B305D2C756E69743D276D73272C6F726967696E3D70642E54696D657374616D702827313937302D30312D30312030383A30303A30302729290A20202020747261696E5B315D203D20747261696E5B315D2E6173747970652822666C6F6174363422290A20202020747261696E5B305D203D20747261696E5B305D2E6173747970652822696E74363422290A2020202074696D655F706F696E74203D20747261696E5B305D5B6C656E28747261696E5B305D292D315D0A2020202074696D655F64696666203D20747261696E5B305D5B6C656E28747261696E5B305D292D315D202D20747261696E5B305D5B6C656E28747261696E5B305D292D325D0A2020202064617461203D20747261696E5B315D2E746F6C69737428290A202020206D6F64656C203D2041522864617461290A202020206D6F64656C5F666974203D206D6F64656C2E66697428290A2020202023206D616B652070726564696374696F6E0A2020202079686174203D206D6F64656C5F6669742E70726564696374286C656E2864617461292C206C656E2864617461292B3330290A0A20202020726574203D205B5D0A20202020666F72206920696E20796861743A0A202020202020202074696D655F706F696E74202B3D2074696D655F646966660A202020202020202076616C7565203D20726F756E6428692C32290A20202020202020206966206E702E69736E616E2876616C7565293A0A20202020202020202020202076616C7565203D204E6F6E650A20202020202020207265742E617070656E64285B0A202020202020202020202020696E742874696D655F706F696E74292C0A20202020202020202020202076616C75650A20202020202020205D290A2020202072657475726E207265740A0A404446462E41504928274152494D41E587BDE695B0E9A284E6B58B272C2063617465676F72793D2770726564696374696F6E27290A646566206172696D615F70726564696374696F6E28647073293A0A20202020747261696E203D2070642E446174614672616D6528647073290A20202020747261696E2E696E646578203D2070642E746F5F6461746574696D6528747261696E5B305D2C756E69743D276D73272C6F726967696E3D70642E54696D657374616D702827313937302D30312D30312030383A30303A30302729290A20202020747261696E5B315D203D20747261696E5B315D2E6173747970652822666C6F6174363422290A20202020747261696E5B305D203D20747261696E5B305D2E6173747970652822696E74363422290A2020202074696D655F706F696E74203D20747261696E5B305D5B6C656E28747261696E5B305D292D315D0A2020202074696D655F64696666203D20747261696E5B305D5B6C656E28747261696E5B305D292D315D202D20747261696E5B305D5B6C656E28747261696E5B305D292D325D0A2020202064617461203D20747261696E5B315D2E746F6C69737428290A202020206D6F64656C203D2041522864617461290A202020206D6F64656C5F666974203D206D6F64656C2E66697428290A2020202023206D616B652070726564696374696F6E0A2020202079686174203D206D6F64656C5F6669742E70726564696374286C656E2864617461292C206C656E2864617461292B3230290A0A20202020726574203D205B5D0A20202020666F72206920696E20796861743A0A202020202020202074696D655F706F696E74202B3D2074696D655F646966660A202020202020202076616C7565203D20726F756E6428692C32290A20202020202020206966206E702E69736E616E2876616C7565293A0A20202020202020202020202076616C7565203D204E6F6E650A20202020202020207265742E617070656E64285B0A202020202020202020202020696E742874696D655F706F696E74292C0A20202020202020202020202076616C75650A20202020202020205D290A2020202072657475726E207265740A0A64656620746573745F70726564696374696F6E28293A0A20202020647073203D5B5B313538313737373830303030302C202D33332E35353434343232333831323132345D2C5B313538313737373831303030302C202D35302E38333636333631323837303733325D2C5B313538313737373832303030302C202D33392E35353637323133343136303133395D2C5B313538313737373833303030302C202D33382E33393531383335393938323632325D2C5B313538313737373834303030302C202D33362E32323939373932323335303531315D2C5B313538313737373835303030302C202D33362E37383437373134373539363934315D2C0A5B313538313737373836303030302C202D32302E31323631363033343430313332395D2C0A5B313538313737373837303030302C202D33362E35343835363234303438313537325D2C0A5B313538313737373838303030302C202D33302E33313030363135323433363537305D2C0A5B313538313737373839303030302C202D34322E35333332313636303938313039345D2C0A5B313538313737373930303030302C202D31332E32303432373139353031313432355D2C0A5B313538313737373931303030302C202D31342E35333534363636383734383835375D2C0A5B313538313737373932303030302C202D31352E35353732353234363030363930325D2C0A5B313538313737373933303030302C202D32362E37363036353731363539373139315D2C0A5B313538313737373934303030302C202D33352E35353539393831313630323033325D5D0A20202020747261696E203D2070642E446174614672616D6528647073290A20202020747261696E2E696E646578203D2070642E746F5F6461746574696D6528747261696E5B305D2C756E69743D276D73272C6F726967696E3D70642E54696D657374616D702827313937302D30312D30312030383A30303A30302729290A20202020747261696E5B315D203D20747261696E5B315D2E6173747970652822666C6F6174363422290A20202020747261696E5B305D203D20747261696E5B305D2E6173747970652822696E74363422290A2020202074696D655F706F696E74203D20747261696E5B305D5B6C656E28747261696E5B305D292D315D0A2020202074696D655F64696666203D20747261696E5B305D5B6C656E28747261696E5B305D292D315D202D20747261696E5B305D5B6C656E28747261696E5B305D292D325D0A2020202064617461203D20747261696E5B315D2E746F6C69737428290A202020206D6F64656C203D2041524D4128646174612C206F726465723D28302C3729290A202020206D6F64656C5F666974203D206D6F64656C2E66697428646973703D46616C7365290A2020202023206D616B652070726564696374696F6E0A2020202079686174203D206D6F64656C5F6669742E70726564696374286C656E2864617461292C206C656E2864617461292B3230290A202020207072696E742879686174290A202020207072696E742874696D655F64696666290A20202020726574203D205B5D0A20202020666F72206920696E20796861743A0A202020202020202074696D655F706F696E74202B3D2074696D655F646966660A202020202020202076616C7565203D20726F756E6428692C32290A20202020202020206966206E702E69736E616E2876616C7565293A0A20202020202020202020202076616C7565203D204E6F6E650A20202020202020207265742E617070656E64285B0A202020202020202020202020696E742874696D655F706F696E74292C0A20202020202020202020202076616C75650A20202020202020205D290A2020202072657475726E207265740A0A',NULL,'2020-02-19 08:40:49','2020-02-19 08:40:49'),
  (5,X'736370742D747167753574736E7942676244336755756B6D48356D','FT转换函数','转换函数脚本集',X'737365742D4E574172576D7763474A524B6B63655639717A686551',X'66745F7472616E',1,X'696D706F72742070616E6461732061732070640A696D706F7274206E756D7079206173206E700A696D706F7274206D6174680A232066726F6D2066756E63746F6F6C7320696D706F7274207265647563650A2320696D706F72742074726163656261636B0A0A404446462E4150492827414253E7BB9DE5AFB9E580BCE8BDACE68DA2272C2063617465676F72793D277472616E73666F726D6174696F6E27290A646566206162735F7472616E73666F726D6174696F6E28647073293A0A202020202727270A20202020E8BF94E59B9EE695B0E5AD97E79A84E7BB9DE5AFB9E580BCE380820A20202020E58F82E695B0EFBC9A0A2020202020202020647073E38090E5BF85E9A1BBE380913A205B205B3C554E4958E697B6E997B4E688B3EFBC88E6AFABE7A792EFBC893E2C203CE695B0E580BC3E5D2C205B3C554E4958E697B6E997B4E688B3EFBC88E6AFABE7A792EFBC893E2C203CE695B0E580BC3E5D2C202E2E2E205D0A202020202727270A202020207472616E203D2070642E446174614672616D6528647073290A202020207472616E5B315D203D207472616E5B315D2E6173747970652822666C6F6174363422292E61627328290A2020202072657475726E207472616E2E76616C7565732E746F6C69737428290A0A404446462E4150492827415647E5B9B3E59D87E580BCE8BDACE68DA2272C2063617465676F72793D277472616E73666F726D6174696F6E27290A646566206176675F7472616E73666F726D6174696F6E28647073293A0A202020202727270A20202020E8BF94E59B9EE695B0E5AD97E79A84E5B9B3E59D87E580BCE380820A20202020E58F82E695B0EFBC9A0A2020202020202020647073E38090E5BF85E9A1BBE380913A205B205B3C554E4958E697B6E997B4E688B3EFBC88E6AFABE7A792EFBC893E2C203CE695B0E580BC3E5D2C205B3C554E4958E697B6E997B4E688B3EFBC88E6AFABE7A792EFBC893E2C203CE695B0E580BC3E5D2C202E2E2E205D0A202020202727270A202020207472616E203D2070642E446174614672616D6528647073290A202020207472616E5B315D203D207472616E5B315D2E6173747970652822666C6F6174363422292E6D65616E28290A2020202072657475726E207472616E2E76616C7565732E746F6C69737428290A0A404446462E41504928274D4158E69C80E5A4A7E580BCE8BDACE68DA2272C2063617465676F72793D277472616E73666F726D6174696F6E27290A646566206D61785F7472616E73666F726D6174696F6E28647073293A0A202020202727270A20202020E8BF94E59B9EE695B0E5AD97E79A84E69C80E5A4A7E580BCE380820A20202020E58F82E695B0EFBC9A0A2020202020202020647073E38090E5BF85E9A1BBE380913A205B205B3C554E4958E697B6E997B4E688B3EFBC88E6AFABE7A792EFBC893E2C203CE695B0E580BC3E5D2C205B3C554E4958E697B6E997B4E688B3EFBC88E6AFABE7A792EFBC893E2C203CE695B0E580BC3E5D2C202E2E2E205D0A202020202727270A202020207472616E203D2070642E446174614672616D6528647073290A202020207472616E5B315D203D207472616E5B315D2E6173747970652822666C6F6174363422292E6D617828290A2020202072657475726E207472616E2E76616C7565732E746F6C69737428290A0A404446462E41504928274D494EE69C80E5B08FE580BCE8BDACE68DA2272C2063617465676F72793D277472616E73666F726D6174696F6E27290A646566206D696E5F7472616E73666F726D6174696F6E28647073293A0A202020202727270A20202020E8BF94E59B9EE695B0E5AD97E79A84E69C80E5B08FE580BCE380820A20202020E58F82E695B0EFBC9A0A2020202020202020647073E38090E5BF85E9A1BBE380913A205B205B3C554E4958E697B6E997B4E688B3EFBC88E6AFABE7A792EFBC893E2C203CE695B0E580BC3E5D2C205B3C554E4958E697B6E997B4E688B3EFBC88E6AFABE7A792EFBC893E2C203CE695B0E580BC3E5D2C202E2E2E205D0A202020202727270A202020207472616E203D2070642E446174614672616D6528647073290A202020207472616E5B315D203D207472616E5B315D2E6173747970652822666C6F6174363422292E6D696E28290A2020202072657475726E207472616E2E76616C7565732E746F6C69737428290A0A404446462E41504928274576656EE59091E4B88AE58F96E581B6E695B0E8BDACE68DA2272C63617465676F72793D277472616E73666F726D6174696F6E27290A646566206576656E5F7472616E73666F726D6174696F6E28647073293A0A202020202727270A20202020E5B086E695B0E5AD97E59091E4B88AE8888DE585A5E4B8BAE69C80E68EA5E8BF91E79A84E581B6E695B0E380820A20202020E58F82E695B0EFBC9A0A2020202020202020647073E38090E5BF85E9A1BBE380913A205B205B3C554E4958E697B6E997B4E688B3EFBC88E6AFABE7A792EFBC893E2C203CE695B0E580BC3E5D2C205B3C554E4958E697B6E997B4E688B3EFBC88E6AFABE7A792EFBC893E2C203CE695B0E580BC3E5D2C202E2E2E205D0A202020202727270A2020202064663D70642E446174614672616D6528647073290A20202020666F72206920696E2072616E676528302C6C656E2864665B315D29293A0A20202020202020206966206D6174682E6365696C2864665B315D5B695D2925323D3D303A0A20202020202020202020202064665B315D5B695D3D6D6174682E6365696C2864665B315D5B695D290A2020202020202020656C73653A0A20202020202020202020202064665B315D5B695D3D6D6174682E6365696C2864665B315D5B695D292B310A2020202072657475726E2064662E76616C7565732E746F6C69737428290A0A404446462E41504928274F6464E59091E4B88AE58F96E5A587E695B0E8BDACE68DA2272C63617465676F72793D277472616E73666F726D6174696F6E27290A646566206F64645F7472616E73666F726D6174696F6E28647073293A0A202020202727270A20202020E5B086E695B0E5AD97E59091E4B88AE8888DE585A5E4B8BAE69C80E68EA5E8BF91E79A84E5A587E695B0E380820A20202020E58F82E695B0EFBC9A0A2020202020202020647073E38090E5BF85E9A1BBE380913A205B205B3C554E4958E697B6E997B4E688B3EFBC88E6AFABE7A792EFBC893E2C203CE695B0E580BC3E5D2C205B3C554E4958E697B6E997B4E688B3EFBC88E6AFABE7A792EFBC893E2C203CE695B0E580BC3E5D2C202E2E2E205D0A202020202727270A2020202064663D70642E446174614672616D6528647073290A20202020666F72206920696E2072616E676528302C6C656E2864665B315D29293A0A20202020202020206966206D6174682E6365696C2864665B315D5B695D292532213D303A0A20202020202020202020202064665B315D5B695D3D6D6174682E6365696C2864665B315D5B695D290A2020202020202020656C73653A0A20202020202020202020202064665B315D5B695D3D6D6174682E6365696C2864665B315D5B695D292B310A2020202072657475726E2064662E76616C7565732E746F6C69737428290A0A404446462E415049282746616374E58F96E695B4E998B6E4B998E8BDACE68DA2272C63617465676F72793D277472616E73666F726D6174696F6E27290A64656620666163745F7472616E73666F726D6174696F6E28647073293A0A202020202727270A20202020E8BF94E59B9EE695B0E5AD97E79A84E998B6E4B998E380820A20202020E58F82E695B0EFBC9A0A2020202020202020647073E38090E5BF85E9A1BBE380913A205B205B3C554E4958E697B6E997B4E688B3EFBC88E6AFABE7A792EFBC893E2C203CE695B0E580BC3E5D2C205B3C554E4958E697B6E997B4E688B3EFBC88E6AFABE7A792EFBC893E2C203CE695B0E580BC3E5D2C202E2E2E205D0A202020202727270A2020202064663D70642E446174614672616D6528647073290A20202020666F72206920696E2072616E676528302C6C656E2864665B315D29293A0A202020202020202070726F64756374203D20310A2020202020202020666F72206A20696E2072616E6765286D6174682E6365696C2864665B315D5B695D29293A0A20202020202020202020202070726F647563743D70726F647563742A286A2B31290A202020202020202064665B315D5B695D3D70726F647563740A2020202020202020232064665B315D5B695D3D6D6174682E666163746F7269616C286D6174682E6365696C2864665B315D5B695D29290A2020202072657475726E2064662E76616C7565732E746F6C69737428290A0A404446462E415049282753756D5351E5B9B3E696B9E5928CE8BDACE68DA2272C63617465676F72793D277472616E73666F726D6174696F6E27290A6465662073756D73715F7472616E73666F726D6174696F6E28647073293A0A202020202727270A20202020E8BF94E59B9EE695B0E5AD97E79A84E5B9B3E696B9E5928CE380820A20202020E58F82E695B0EFBC9A0A2020202020202020647073E38090E5BF85E9A1BBE380913A205B205B3C554E4958E697B6E997B4E688B3EFBC88E6AFABE7A792EFBC893E2C203CE695B0E580BC3E5D2C205B3C554E4958E697B6E997B4E688B3EFBC88E6AFABE7A792EFBC893E2C203CE695B0E580BC3E5D2C202E2E2E205D0A202020202727270A2020202064663D70642E446174614672616D6528647073290A2020202064665B315D3D6C697374286D6170286C616D62646120783A782A2A322A322C64665B315D29290A2020202072657475726E2064662E76616C7565732E746F6C69737428290A0A0A404446462E4150492827526F756E645570E7BB9DE5AFB9E580BCE5A29EE5A4A7E58F96E695B4E8BDACE68DA2272C63617465676F72793D277472616E73666F726D6174696F6E27290A64656620726F756E6475705F7472616E73666F726D6174696F6E28647073293A0A202020202727270A2020202020E59091E7BB9DE5AFB9E580BCE5A29EE5A4A7E79A84E696B9E59091E8888DE585A5E695B0E5AD97E380820A20202020E58F82E695B0EFBC9A0A2020202020202020647073E38090E5BF85E9A1BBE380913A205B205B3C554E4958E697B6E997B4E688B3EFBC88E6AFABE7A792EFBC893E2C203CE695B0E580BC3E5D2C205B3C554E4958E697B6E997B4E688B3EFBC88E6AFABE7A792EFBC893E2C203CE695B0E580BC3E5D2C202E2E2E205D0A202020202727270A2020202064663D70642E446174614672616D6528647073290A20202020666F72206920696E2072616E676528302C6C656E2864665B315D29293A0A202020202020202069662064665B315D5B695D3C303A0A20202020202020202020202064665B315D5B695D3D6D6174682E666C6F6F722864665B315D5B695D290A2020202020202020656C73653A0A20202020202020202020202064665B315D5B695D3D6D6174682E6365696C2864665B315D5B695D290A2020202072657475726E2064662E76616C7565732E746F6C69737428290A0A404446462E4150492827526F756E64446F776EE7BB9DE5AFB9E580BCE5878FE5B08FE58F96E695B4E8BDACE68DA2272C63617465676F72793D277472616E73666F726D6174696F6E27290A64656620726F756E64646F776E5F7472616E73666F726D6174696F6E28647073293A0A202020202727270A202020202020E59091E7BB9DE5AFB9E580BCE5878FE5B08FE79A84E696B9E59091E8888DE585A5E695B0E5AD97E380820A20202020E58F82E695B0EFBC9A0A2020202020202020647073E38090E5BF85E9A1BBE380913A205B205B3C554E4958E697B6E997B4E688B3EFBC88E6AFABE7A792EFBC893E2C203CE695B0E580BC3E5D2C205B3C554E4958E697B6E997B4E688B3EFBC88E6AFABE7A792EFBC893E2C203CE695B0E580BC3E5D2C202E2E2E205D0A202020202727270A2020202064663D70642E446174614672616D6528647073290A20202020666F72206920696E2072616E676528302C6C656E2864665B315D29293A0A202020202020202069662064665B315D5B695D3E303A0A20202020202020202020202064665B315D5B695D3D6D6174682E666C6F6F722864665B315D5B695D290A2020202020202020656C73653A0A20202020202020202020202064665B315D5B695D3D6D6174682E6365696C2864665B315D5B695D290A2020202072657475726E2064662E76616C7565732E746F6C69737428290A0A404446462E4150492827506F776572E68C87E695B0E5B982E8BDACE68DA2272C63617465676F72793D277472616E73666F726D6174696F6E27290A64656620706F7765725F7472616E73666F726D6174696F6E286470732C7369676E69666963616E6365293A0A202020202727270A20202020202020E8BF94E59B9EE7BB99E5AE9AE6ACA1E5B982E79A84E7BB93E69E9CE380820A20202020E58F82E695B0EFBC9A0A2020202020202020647073E38090E5BF85E9A1BBE380913A205B205B3C554E4958E697B6E997B4E688B3EFBC88E6AFABE7A792EFBC893E2C203CE695B0E580BC3E5D2C205B3C554E4958E697B6E997B4E688B3EFBC88E6AFABE7A792EFBC893E2C203CE695B0E580BC3E5D2C202E2E2E205D0A20202020202020207369676E69666963616E63653AE68C87E5AE9AE68C87E695B00A202020202727270A202020207472793A0A20202020202020207369676E69666963616E63653D666C6F6174287369676E69666963616E6365290A202020202020202064663D70642E446174614672616D6528647073290A2020202020202020666F72206920696E2072616E676528302C6C656E2864665B315D29293A0A20202020202020202020202064665B315D5B695D3D64665B315D5B695D2A2A7369676E69666963616E63650A202020202020202072657475726E2064662E76616C7565732E746F6C69737428290A202020206578636570743A0A20202020202020202320696E666F3D74726163656261636B2E666F726D61745F65786328290A2020202020202020696E666F3D7369676E69666963616E63652B27206973206E6F742061206E756D6265722E20270A202020202020202072657475726E20696E666F0A0A404446462E41504928274365696C696E67E58F96E695B4E8BDACE68DA2272C63617465676F72793D277472616E73666F726D6174696F6E27290A646566206365696C696E675F7472616E73666F726D6174696F6E286470732C7369676E69666963616E6365293A0A202020202727270A20202020E5B086E695B0E5AD97E59B9BE8888DE4BA94E585A5E4B8BAE69C80E68EA5E8BF91E79A84E695B4E695B0E68896E69C80E68EA5E8BF91E79A84E68C87E5AE9AE59FBAE695B0E79A84E5808DE695B0E380820A20202020E58F82E695B0EFBC9A0A2020202020202020647073E38090E5BF85E9A1BBE380913A205B205B3C554E4958E697B6E997B4E688B3EFBC88E6AFABE7A792EFBC893E2C203CE695B0E580BC3E5D2C205B3C554E4958E697B6E997B4E688B3EFBC88E6AFABE7A792EFBC893E2C203CE695B0E580BC3E5D2C202E2E2E205D0A20202020202020207369676E69666963616E63653AE68C87E5AE9AE59FBAE695B0E79A84E5808DE695B00A202020202727270A202020207472793A0A20202020202020207369676E69666963616E63653D666C6F6174287369676E69666963616E6365290A202020202020202064663D70642E446174614672616D6528647073290A2020202020202020666F72206920696E2072616E676528302C6C656E2864665B315D29293A0A2020202020202020202020206966202864665B315D5B695D2F7369676E69666963616E6365293E3D313A0A2020202020202020202020202020202064665B315D5B695D3D726F756E642864665B315D5B695D2F7369676E69666963616E6365292A7369676E69666963616E63650A202020202020202020202020656C73653A64665B315D5B695D3D28726F756E642864665B315D5B695D2F7369676E69666963616E6365292B31292A7369676E69666963616E63650A202020202020202072657475726E2064662E76616C7565732E746F6C69737428290A202020206578636570743A0A20202020202020202320696E666F3D74726163656261636B2E666F726D61745F65786328290A2020202020202020696E666F3D7369676E69666963616E63652B27206973206E6F742061206E756D6265722E20270A20202020202020207072696E7428696E666F290A202020202020202072657475726E20696E666F0A0A404446462E4150492827416363756D75416C6CE7B4AFE58AA0E8BDACE68DA2272C63617465676F72793D277472616E73666F726D6174696F6E27290A64656620616363756D75616C6C5F7472616E73666F726D6174696F6E28647073293A0A202020202727270A20202020E5B086E5898D6EE4B8AAE58583E7B4A0E7B4AFE58AA0E6B182E5928CE380820A20202020E58F82E695B0EFBC9A0A2020202020202020647073E38090E5BF85E9A1BBE380913A205B205B3C554E4958E697B6E997B4E688B3EFBC88E6AFABE7A792EFBC893E2C203CE695B0E580BC3E5D2C205B3C554E4958E697B6E997B4E688B3EFBC88E6AFABE7A792EFBC893E2C203CE695B0E580BC3E5D2C202E2E2E205D0A202020202727270A20202020746F74616C3D300A2020202064663D70642E446174614672616D6528647073290A20202020666F72206920696E2072616E676528302C6C656E2864665B315D29293A0A2020202020202020746F74616C2B3D64665B315D5B695D0A202020202020202064665B315D5B695D3D746F74616C0A2020202072657475726E2064662E76616C7565732E746F6C69737428290A0A404446462E4150492827416363756D7532E6B182E5928CE8BDACE68DA2272C63617465676F72793D277472616E73666F726D6174696F6E27290A64656620616363756D75325F7472616E73666F726D6174696F6E28647073293A0A202020202727270A20202020E5B086E6AF8FE79BB8E982BB32E4B8AAE58583E7B4A0E7B4AFE58AA0E6B182E5928CE380820A20202020E58F82E695B0EFBC9A0A2020202020202020647073E38090E5BF85E9A1BBE380913A205B205B3C554E4958E697B6E997B4E688B3EFBC88E6AFABE7A792EFBC893E2C203CE695B0E580BC3E5D2C205B3C554E4958E697B6E997B4E688B3EFBC88E6AFABE7A792EFBC893E2C203CE695B0E580BC3E5D2C202E2E2E205D0A202020202727270A2020202064663D70642E446174614672616D6528647073290A202020206D3D64665B315D2E636F707928290A20202020666F72206920696E2072616E676528302C6C656E2864665B315D29293A0A2020202020202020696620693E303A0A20202020202020202020202064665B315D5B695D3D6D5B692D315D2B64665B315D5B695D0A2020202072657475726E2064662E76616C7565732E746F6C69737428290A0A404446462E415049282741434F5348E58F8DE58F8CE69BB2E4BD99E5BCA6E8BDACE68DA2272C63617465676F72793D277472616E73666F726D6174696F6E27290A6465662061636F73685F7472616E73666F726D6174696F6E28647073293A0A202020202727270A20202020E8BF94E59B9EE695B0E5AD97E79A84E58F8DE58F8CE69BB2E4BD99E5BCA6E580BCE380820A20202020E58F82E695B0EFBC9A0A2020202020202020647073E38090E5BF85E9A1BBE380913A205B205B3C554E4958E697B6E997B4E688B3EFBC88E6AFABE7A792EFBC893E2C203CE695B0E580BC3E5D2C205B3C554E4958E697B6E997B4E688B3EFBC88E6AFABE7A792EFBC893E2C203CE695B0E580BC3E5D2C202E2E2E205D0A202020202727270A2020202064663D70642E446174614672616D6528647073290A202020202361636F7368286E756D626572292C6E756D626572E5BF85E9A1BBE5A4A7E4BA8E2FE7AD89E4BA8E310A2020202064665B315D3D64665B315D2E61627328290A20202020666F72206920696E2072616E676528302C6C656E2864665B315D29293A0A202020202020202069662064665B315D5B695D3C313A0A20202020202020202020202064665B315D5B695D3D6D6174682E61636F73682864665B315D5B695D2B31290A2020202020202020656C73653A0A2020202020202020202020202064665B315D5B695D3D6D6174682E61636F73682864665B315D5B695D290A2020202072657475726E2064662E76616C7565732E746F6C69737428290A0A0A0A64656620746573745F61636F736828293A0A20202020647073203D205B5B313537363736353030303130302C2032302E335D2C205B313537363736353030303230302C202D32302E355D2C205B313537363736353030303330302C2032352E385D5D0A2020202072657475726E2061636F73685F7472616E73666F726D6174696F6E28647073290A0A64656620746573745F616363756D753228293A0A20202020647073203D205B5B313537363736353030303130302C2032302E335D2C205B313537363736353030303230302C202D32302E355D2C205B313537363736353030303330302C2032352E385D5D0A2020202072657475726E20616363756D75325F7472616E73666F726D6174696F6E28647073290A0A0A64656620746573745F61627328293A0A20202020647073203D205B5B313537363736353030303130302C2032302E335D2C205B313537363736353030303230302C202D32302E355D2C205B313537363736353030303330302C2032352E385D5D0A2020202072657475726E206162735F7472616E73666F726D6174696F6E28647073290A0A64656620746573745F61766728293A0A20202020647073203D205B5B313537363736353030303130302C2032302E335D2C205B313537363736353030303230302C202D32302E355D2C205B313537363736353030303330302C2032352E385D5D0A2020202072657475726E206176675F7472616E73666F726D6174696F6E28647073290A0A64656620746573745F6D617828293A0A20202020647073203D205B5B313537363736353030303130302C2032302E335D2C205B313537363736353030303230302C202D32302E355D2C205B313537363736353030303330302C2032352E385D5D0A2020202072657475726E206D61785F7472616E73666F726D6174696F6E28647073290A0A64656620746573745F6D696E28293A0A20202020647073203D205B5B313537363736353030303130302C2032302E335D2C205B313537363736353030303230302C202D32302E355D2C205B313537363736353030303330302C2032352E385D5D0A2020202072657475726E206D696E5F7472616E73666F726D6174696F6E28647073290A0A64656620746573745F6576656E28293A0A20202020647073203D205B5B313537363736353030303130302C2032302E335D2C205B313537363736353030303230302C202D32302E355D2C205B313537363736353030303330302C2032352E385D5D0A2020202072657475726E206576656E5F7472616E73666F726D6174696F6E28647073290A0A64656620746573745F6F646428293A0A20202020647073203D205B5B313537363736353030303130302C2032302E335D2C205B313537363736353030303230302C202D32302E355D2C205B313537363736353030303330302C2032352E385D5D0A2020202072657475726E206F64645F7472616E73666F726D6174696F6E28647073290A0A64656620746573745F6661637428293A0A20202020647073203D205B5B313537363736353030303130302C2032302E335D2C205B313537363736353030303230302C202D32302E355D2C205B313537363736353030303330302C2032352E385D5D0A2020202072657475726E20666163745F7472616E73666F726D6174696F6E28647073290A0A64656620746573745F73756D737128293A0A20202020647073203D205B5B313537363736353030303130302C2032302E335D2C205B313537363736353030303230302C202D32302E355D2C205B313537363736353030303330302C2032352E385D5D0A2020202072657475726E2073756D73715F7472616E73666F726D6174696F6E28647073290A0A64656620746573745F726F756E64757028293A0A20202020647073203D205B5B313537363736353030303130302C2032302E335D2C205B313537363736353030303230302C202D32302E355D2C205B313537363736353030303330302C2032352E385D5D0A2020202072657475726E20726F756E6475705F7472616E73666F726D6174696F6E28647073290A0A64656620746573745F726F756E64646F776E28293A0A20202020647073203D205B5B313537363736353030303130302C2032302E335D2C205B313537363736353030303230302C202D32302E355D2C205B313537363736353030303330302C2032352E385D5D0A2020202072657475726E20726F756E64646F776E5F7472616E73666F726D6174696F6E28647073290A64656620746573745F706F77657228293A0A20202020647073203D205B5B313537363736353030303130302C2032302E335D2C205B313537363736353030303230302C202D32302E355D2C205B313537363736353030303330302C2032352E385D5D0A20202020613D2232220A2020202072657475726E20706F7765725F7472616E73666F726D6174696F6E286470732C61290A0A64656620746573745F6365696C696E6728293A0A20202020647073203D205B5B313537363736353030303130302C2032302E335D2C205B313537363736353030303230302C202D32302E355D2C205B313537363736353030303330302C2032352E385D5D0A2020202072657475726E206365696C696E675F7472616E73666F726D6174696F6E286470732C32290A0A64656620746573745F616363756D616C6C28293A0A20202020647073203D205B5B313537363736353030303130302C2032302E335D2C205B313537363736353030303230302C2035305D2C205B313537363736353030303330302C2032352E385D5D0A2020202072657475726E20616363756D75616C6C5F7472616E73666F726D6174696F6E28647073290A0A0A0A0A',NULL,X'696D706F72742070616E6461732061732070640A696D706F7274206E756D7079206173206E700A696D706F7274206D6174680A232066726F6D2066756E63746F6F6C7320696D706F7274207265647563650A2320696D706F72742074726163656261636B0A0A404446462E4150492827414253E7BB9DE5AFB9E580BCE8BDACE68DA2272C2063617465676F72793D277472616E73666F726D6174696F6E27290A646566206162735F7472616E73666F726D6174696F6E28647073293A0A202020202727270A20202020E8BF94E59B9EE695B0E5AD97E79A84E7BB9DE5AFB9E580BCE380820A20202020E58F82E695B0EFBC9A0A2020202020202020647073E38090E5BF85E9A1BBE380913A205B205B3C554E4958E697B6E997B4E688B3EFBC88E6AFABE7A792EFBC893E2C203CE695B0E580BC3E5D2C205B3C554E4958E697B6E997B4E688B3EFBC88E6AFABE7A792EFBC893E2C203CE695B0E580BC3E5D2C202E2E2E205D0A202020202727270A202020207472616E203D2070642E446174614672616D6528647073290A202020207472616E5B315D203D207472616E5B315D2E6173747970652822666C6F6174363422292E61627328290A2020202072657475726E207472616E2E76616C7565732E746F6C69737428290A0A404446462E4150492827415647E5B9B3E59D87E580BCE8BDACE68DA2272C2063617465676F72793D277472616E73666F726D6174696F6E27290A646566206176675F7472616E73666F726D6174696F6E28647073293A0A202020202727270A20202020E8BF94E59B9EE695B0E5AD97E79A84E5B9B3E59D87E580BCE380820A20202020E58F82E695B0EFBC9A0A2020202020202020647073E38090E5BF85E9A1BBE380913A205B205B3C554E4958E697B6E997B4E688B3EFBC88E6AFABE7A792EFBC893E2C203CE695B0E580BC3E5D2C205B3C554E4958E697B6E997B4E688B3EFBC88E6AFABE7A792EFBC893E2C203CE695B0E580BC3E5D2C202E2E2E205D0A202020202727270A202020207472616E203D2070642E446174614672616D6528647073290A202020207472616E5B315D203D207472616E5B315D2E6173747970652822666C6F6174363422292E6D65616E28290A2020202072657475726E207472616E2E76616C7565732E746F6C69737428290A0A404446462E41504928274D4158E69C80E5A4A7E580BCE8BDACE68DA2272C2063617465676F72793D277472616E73666F726D6174696F6E27290A646566206D61785F7472616E73666F726D6174696F6E28647073293A0A202020202727270A20202020E8BF94E59B9EE695B0E5AD97E79A84E69C80E5A4A7E580BCE380820A20202020E58F82E695B0EFBC9A0A2020202020202020647073E38090E5BF85E9A1BBE380913A205B205B3C554E4958E697B6E997B4E688B3EFBC88E6AFABE7A792EFBC893E2C203CE695B0E580BC3E5D2C205B3C554E4958E697B6E997B4E688B3EFBC88E6AFABE7A792EFBC893E2C203CE695B0E580BC3E5D2C202E2E2E205D0A202020202727270A202020207472616E203D2070642E446174614672616D6528647073290A202020207472616E5B315D203D207472616E5B315D2E6173747970652822666C6F6174363422292E6D617828290A2020202072657475726E207472616E2E76616C7565732E746F6C69737428290A0A404446462E41504928274D494EE69C80E5B08FE580BCE8BDACE68DA2272C2063617465676F72793D277472616E73666F726D6174696F6E27290A646566206D696E5F7472616E73666F726D6174696F6E28647073293A0A202020202727270A20202020E8BF94E59B9EE695B0E5AD97E79A84E69C80E5B08FE580BCE380820A20202020E58F82E695B0EFBC9A0A2020202020202020647073E38090E5BF85E9A1BBE380913A205B205B3C554E4958E697B6E997B4E688B3EFBC88E6AFABE7A792EFBC893E2C203CE695B0E580BC3E5D2C205B3C554E4958E697B6E997B4E688B3EFBC88E6AFABE7A792EFBC893E2C203CE695B0E580BC3E5D2C202E2E2E205D0A202020202727270A202020207472616E203D2070642E446174614672616D6528647073290A202020207472616E5B315D203D207472616E5B315D2E6173747970652822666C6F6174363422292E6D696E28290A2020202072657475726E207472616E2E76616C7565732E746F6C69737428290A0A404446462E41504928274576656EE59091E4B88AE58F96E581B6E695B0E8BDACE68DA2272C63617465676F72793D277472616E73666F726D6174696F6E27290A646566206576656E5F7472616E73666F726D6174696F6E28647073293A0A202020202727270A20202020E5B086E695B0E5AD97E59091E4B88AE8888DE585A5E4B8BAE69C80E68EA5E8BF91E79A84E581B6E695B0E380820A20202020E58F82E695B0EFBC9A0A2020202020202020647073E38090E5BF85E9A1BBE380913A205B205B3C554E4958E697B6E997B4E688B3EFBC88E6AFABE7A792EFBC893E2C203CE695B0E580BC3E5D2C205B3C554E4958E697B6E997B4E688B3EFBC88E6AFABE7A792EFBC893E2C203CE695B0E580BC3E5D2C202E2E2E205D0A202020202727270A2020202064663D70642E446174614672616D6528647073290A20202020666F72206920696E2072616E676528302C6C656E2864665B315D29293A0A20202020202020206966206D6174682E6365696C2864665B315D5B695D2925323D3D303A0A20202020202020202020202064665B315D5B695D3D6D6174682E6365696C2864665B315D5B695D290A2020202020202020656C73653A0A20202020202020202020202064665B315D5B695D3D6D6174682E6365696C2864665B315D5B695D292B310A2020202072657475726E2064662E76616C7565732E746F6C69737428290A0A404446462E41504928274F6464E59091E4B88AE58F96E5A587E695B0E8BDACE68DA2272C63617465676F72793D277472616E73666F726D6174696F6E27290A646566206F64645F7472616E73666F726D6174696F6E28647073293A0A202020202727270A20202020E5B086E695B0E5AD97E59091E4B88AE8888DE585A5E4B8BAE69C80E68EA5E8BF91E79A84E5A587E695B0E380820A20202020E58F82E695B0EFBC9A0A2020202020202020647073E38090E5BF85E9A1BBE380913A205B205B3C554E4958E697B6E997B4E688B3EFBC88E6AFABE7A792EFBC893E2C203CE695B0E580BC3E5D2C205B3C554E4958E697B6E997B4E688B3EFBC88E6AFABE7A792EFBC893E2C203CE695B0E580BC3E5D2C202E2E2E205D0A202020202727270A2020202064663D70642E446174614672616D6528647073290A20202020666F72206920696E2072616E676528302C6C656E2864665B315D29293A0A20202020202020206966206D6174682E6365696C2864665B315D5B695D292532213D303A0A20202020202020202020202064665B315D5B695D3D6D6174682E6365696C2864665B315D5B695D290A2020202020202020656C73653A0A20202020202020202020202064665B315D5B695D3D6D6174682E6365696C2864665B315D5B695D292B310A2020202072657475726E2064662E76616C7565732E746F6C69737428290A0A404446462E415049282746616374E58F96E695B4E998B6E4B998E8BDACE68DA2272C63617465676F72793D277472616E73666F726D6174696F6E27290A64656620666163745F7472616E73666F726D6174696F6E28647073293A0A202020202727270A20202020E8BF94E59B9EE695B0E5AD97E79A84E998B6E4B998E380820A20202020E58F82E695B0EFBC9A0A2020202020202020647073E38090E5BF85E9A1BBE380913A205B205B3C554E4958E697B6E997B4E688B3EFBC88E6AFABE7A792EFBC893E2C203CE695B0E580BC3E5D2C205B3C554E4958E697B6E997B4E688B3EFBC88E6AFABE7A792EFBC893E2C203CE695B0E580BC3E5D2C202E2E2E205D0A202020202727270A2020202064663D70642E446174614672616D6528647073290A20202020666F72206920696E2072616E676528302C6C656E2864665B315D29293A0A202020202020202070726F64756374203D20310A2020202020202020666F72206A20696E2072616E6765286D6174682E6365696C2864665B315D5B695D29293A0A20202020202020202020202070726F647563743D70726F647563742A286A2B31290A202020202020202064665B315D5B695D3D70726F647563740A2020202020202020232064665B315D5B695D3D6D6174682E666163746F7269616C286D6174682E6365696C2864665B315D5B695D29290A2020202072657475726E2064662E76616C7565732E746F6C69737428290A0A404446462E415049282753756D5351E5B9B3E696B9E5928CE8BDACE68DA2272C63617465676F72793D277472616E73666F726D6174696F6E27290A6465662073756D73715F7472616E73666F726D6174696F6E28647073293A0A202020202727270A20202020E8BF94E59B9EE695B0E5AD97E79A84E5B9B3E696B9E5928CE380820A20202020E58F82E695B0EFBC9A0A2020202020202020647073E38090E5BF85E9A1BBE380913A205B205B3C554E4958E697B6E997B4E688B3EFBC88E6AFABE7A792EFBC893E2C203CE695B0E580BC3E5D2C205B3C554E4958E697B6E997B4E688B3EFBC88E6AFABE7A792EFBC893E2C203CE695B0E580BC3E5D2C202E2E2E205D0A202020202727270A2020202064663D70642E446174614672616D6528647073290A2020202064665B315D3D6C697374286D6170286C616D62646120783A782A2A322A322C64665B315D29290A2020202072657475726E2064662E76616C7565732E746F6C69737428290A0A0A404446462E4150492827526F756E645570E7BB9DE5AFB9E580BCE5A29EE5A4A7E58F96E695B4E8BDACE68DA2272C63617465676F72793D277472616E73666F726D6174696F6E27290A64656620726F756E6475705F7472616E73666F726D6174696F6E28647073293A0A202020202727270A2020202020E59091E7BB9DE5AFB9E580BCE5A29EE5A4A7E79A84E696B9E59091E8888DE585A5E695B0E5AD97E380820A20202020E58F82E695B0EFBC9A0A2020202020202020647073E38090E5BF85E9A1BBE380913A205B205B3C554E4958E697B6E997B4E688B3EFBC88E6AFABE7A792EFBC893E2C203CE695B0E580BC3E5D2C205B3C554E4958E697B6E997B4E688B3EFBC88E6AFABE7A792EFBC893E2C203CE695B0E580BC3E5D2C202E2E2E205D0A202020202727270A2020202064663D70642E446174614672616D6528647073290A20202020666F72206920696E2072616E676528302C6C656E2864665B315D29293A0A202020202020202069662064665B315D5B695D3C303A0A20202020202020202020202064665B315D5B695D3D6D6174682E666C6F6F722864665B315D5B695D290A2020202020202020656C73653A0A20202020202020202020202064665B315D5B695D3D6D6174682E6365696C2864665B315D5B695D290A2020202072657475726E2064662E76616C7565732E746F6C69737428290A0A404446462E4150492827526F756E64446F776EE7BB9DE5AFB9E580BCE5878FE5B08FE58F96E695B4E8BDACE68DA2272C63617465676F72793D277472616E73666F726D6174696F6E27290A64656620726F756E64646F776E5F7472616E73666F726D6174696F6E28647073293A0A202020202727270A202020202020E59091E7BB9DE5AFB9E580BCE5878FE5B08FE79A84E696B9E59091E8888DE585A5E695B0E5AD97E380820A20202020E58F82E695B0EFBC9A0A2020202020202020647073E38090E5BF85E9A1BBE380913A205B205B3C554E4958E697B6E997B4E688B3EFBC88E6AFABE7A792EFBC893E2C203CE695B0E580BC3E5D2C205B3C554E4958E697B6E997B4E688B3EFBC88E6AFABE7A792EFBC893E2C203CE695B0E580BC3E5D2C202E2E2E205D0A202020202727270A2020202064663D70642E446174614672616D6528647073290A20202020666F72206920696E2072616E676528302C6C656E2864665B315D29293A0A202020202020202069662064665B315D5B695D3E303A0A20202020202020202020202064665B315D5B695D3D6D6174682E666C6F6F722864665B315D5B695D290A2020202020202020656C73653A0A20202020202020202020202064665B315D5B695D3D6D6174682E6365696C2864665B315D5B695D290A2020202072657475726E2064662E76616C7565732E746F6C69737428290A0A404446462E4150492827506F776572E68C87E695B0E5B982E8BDACE68DA2272C63617465676F72793D277472616E73666F726D6174696F6E27290A64656620706F7765725F7472616E73666F726D6174696F6E286470732C7369676E69666963616E6365293A0A202020202727270A20202020202020E8BF94E59B9EE7BB99E5AE9AE6ACA1E5B982E79A84E7BB93E69E9CE380820A20202020E58F82E695B0EFBC9A0A2020202020202020647073E38090E5BF85E9A1BBE380913A205B205B3C554E4958E697B6E997B4E688B3EFBC88E6AFABE7A792EFBC893E2C203CE695B0E580BC3E5D2C205B3C554E4958E697B6E997B4E688B3EFBC88E6AFABE7A792EFBC893E2C203CE695B0E580BC3E5D2C202E2E2E205D0A20202020202020207369676E69666963616E63653AE68C87E5AE9AE68C87E695B00A202020202727270A202020207472793A0A20202020202020207369676E69666963616E63653D666C6F6174287369676E69666963616E6365290A202020202020202064663D70642E446174614672616D6528647073290A2020202020202020666F72206920696E2072616E676528302C6C656E2864665B315D29293A0A20202020202020202020202064665B315D5B695D3D64665B315D5B695D2A2A7369676E69666963616E63650A202020202020202072657475726E2064662E76616C7565732E746F6C69737428290A202020206578636570743A0A20202020202020202320696E666F3D74726163656261636B2E666F726D61745F65786328290A2020202020202020696E666F3D7369676E69666963616E63652B27206973206E6F742061206E756D6265722E20270A202020202020202072657475726E20696E666F0A0A404446462E41504928274365696C696E67E58F96E695B4E8BDACE68DA2272C63617465676F72793D277472616E73666F726D6174696F6E27290A646566206365696C696E675F7472616E73666F726D6174696F6E286470732C7369676E69666963616E6365293A0A202020202727270A20202020E5B086E695B0E5AD97E59B9BE8888DE4BA94E585A5E4B8BAE69C80E68EA5E8BF91E79A84E695B4E695B0E68896E69C80E68EA5E8BF91E79A84E68C87E5AE9AE59FBAE695B0E79A84E5808DE695B0E380820A20202020E58F82E695B0EFBC9A0A2020202020202020647073E38090E5BF85E9A1BBE380913A205B205B3C554E4958E697B6E997B4E688B3EFBC88E6AFABE7A792EFBC893E2C203CE695B0E580BC3E5D2C205B3C554E4958E697B6E997B4E688B3EFBC88E6AFABE7A792EFBC893E2C203CE695B0E580BC3E5D2C202E2E2E205D0A20202020202020207369676E69666963616E63653AE68C87E5AE9AE59FBAE695B0E79A84E5808DE695B00A202020202727270A202020207472793A0A20202020202020207369676E69666963616E63653D666C6F6174287369676E69666963616E6365290A202020202020202064663D70642E446174614672616D6528647073290A2020202020202020666F72206920696E2072616E676528302C6C656E2864665B315D29293A0A2020202020202020202020206966202864665B315D5B695D2F7369676E69666963616E6365293E3D313A0A2020202020202020202020202020202064665B315D5B695D3D726F756E642864665B315D5B695D2F7369676E69666963616E6365292A7369676E69666963616E63650A202020202020202020202020656C73653A64665B315D5B695D3D28726F756E642864665B315D5B695D2F7369676E69666963616E6365292B31292A7369676E69666963616E63650A202020202020202072657475726E2064662E76616C7565732E746F6C69737428290A202020206578636570743A0A20202020202020202320696E666F3D74726163656261636B2E666F726D61745F65786328290A2020202020202020696E666F3D7369676E69666963616E63652B27206973206E6F742061206E756D6265722E20270A20202020202020207072696E7428696E666F290A202020202020202072657475726E20696E666F0A0A404446462E4150492827416363756D75416C6CE7B4AFE58AA0E8BDACE68DA2272C63617465676F72793D277472616E73666F726D6174696F6E27290A64656620616363756D75616C6C5F7472616E73666F726D6174696F6E28647073293A0A202020202727270A20202020E5B086E5898D6EE4B8AAE58583E7B4A0E7B4AFE58AA0E6B182E5928CE380820A20202020E58F82E695B0EFBC9A0A2020202020202020647073E38090E5BF85E9A1BBE380913A205B205B3C554E4958E697B6E997B4E688B3EFBC88E6AFABE7A792EFBC893E2C203CE695B0E580BC3E5D2C205B3C554E4958E697B6E997B4E688B3EFBC88E6AFABE7A792EFBC893E2C203CE695B0E580BC3E5D2C202E2E2E205D0A202020202727270A20202020746F74616C3D300A2020202064663D70642E446174614672616D6528647073290A20202020666F72206920696E2072616E676528302C6C656E2864665B315D29293A0A2020202020202020746F74616C2B3D64665B315D5B695D0A202020202020202064665B315D5B695D3D746F74616C0A2020202072657475726E2064662E76616C7565732E746F6C69737428290A0A404446462E4150492827416363756D7532E6B182E5928CE8BDACE68DA2272C63617465676F72793D277472616E73666F726D6174696F6E27290A64656620616363756D75325F7472616E73666F726D6174696F6E28647073293A0A202020202727270A20202020E5B086E6AF8FE79BB8E982BB32E4B8AAE58583E7B4A0E7B4AFE58AA0E6B182E5928CE380820A20202020E58F82E695B0EFBC9A0A2020202020202020647073E38090E5BF85E9A1BBE380913A205B205B3C554E4958E697B6E997B4E688B3EFBC88E6AFABE7A792EFBC893E2C203CE695B0E580BC3E5D2C205B3C554E4958E697B6E997B4E688B3EFBC88E6AFABE7A792EFBC893E2C203CE695B0E580BC3E5D2C202E2E2E205D0A202020202727270A2020202064663D70642E446174614672616D6528647073290A202020206D3D64665B315D2E636F707928290A20202020666F72206920696E2072616E676528302C6C656E2864665B315D29293A0A2020202020202020696620693E303A0A20202020202020202020202064665B315D5B695D3D6D5B692D315D2B64665B315D5B695D0A2020202072657475726E2064662E76616C7565732E746F6C69737428290A0A404446462E415049282741434F5348E58F8DE58F8CE69BB2E4BD99E5BCA6E8BDACE68DA2272C63617465676F72793D277472616E73666F726D6174696F6E27290A6465662061636F73685F7472616E73666F726D6174696F6E28647073293A0A202020202727270A20202020E8BF94E59B9EE695B0E5AD97E79A84E58F8DE58F8CE69BB2E4BD99E5BCA6E580BCE380820A20202020E58F82E695B0EFBC9A0A2020202020202020647073E38090E5BF85E9A1BBE380913A205B205B3C554E4958E697B6E997B4E688B3EFBC88E6AFABE7A792EFBC893E2C203CE695B0E580BC3E5D2C205B3C554E4958E697B6E997B4E688B3EFBC88E6AFABE7A792EFBC893E2C203CE695B0E580BC3E5D2C202E2E2E205D0A202020202727270A2020202064663D70642E446174614672616D6528647073290A202020202361636F7368286E756D626572292C6E756D626572E5BF85E9A1BBE5A4A7E4BA8E2FE7AD89E4BA8E310A2020202064665B315D3D64665B315D2E61627328290A20202020666F72206920696E2072616E676528302C6C656E2864665B315D29293A0A202020202020202069662064665B315D5B695D3C313A0A20202020202020202020202064665B315D5B695D3D6D6174682E61636F73682864665B315D5B695D2B31290A2020202020202020656C73653A0A2020202020202020202020202064665B315D5B695D3D6D6174682E61636F73682864665B315D5B695D290A2020202072657475726E2064662E76616C7565732E746F6C69737428290A0A0A0A64656620746573745F61636F736828293A0A20202020647073203D205B5B313537363736353030303130302C2032302E335D2C205B313537363736353030303230302C202D32302E355D2C205B313537363736353030303330302C2032352E385D5D0A2020202072657475726E2061636F73685F7472616E73666F726D6174696F6E28647073290A0A64656620746573745F616363756D753228293A0A20202020647073203D205B5B313537363736353030303130302C2032302E335D2C205B313537363736353030303230302C202D32302E355D2C205B313537363736353030303330302C2032352E385D5D0A2020202072657475726E20616363756D75325F7472616E73666F726D6174696F6E28647073290A0A0A64656620746573745F61627328293A0A20202020647073203D205B5B313537363736353030303130302C2032302E335D2C205B313537363736353030303230302C202D32302E355D2C205B313537363736353030303330302C2032352E385D5D0A2020202072657475726E206162735F7472616E73666F726D6174696F6E28647073290A0A64656620746573745F61766728293A0A20202020647073203D205B5B313537363736353030303130302C2032302E335D2C205B313537363736353030303230302C202D32302E355D2C205B313537363736353030303330302C2032352E385D5D0A2020202072657475726E206176675F7472616E73666F726D6174696F6E28647073290A0A64656620746573745F6D617828293A0A20202020647073203D205B5B313537363736353030303130302C2032302E335D2C205B313537363736353030303230302C202D32302E355D2C205B313537363736353030303330302C2032352E385D5D0A2020202072657475726E206D61785F7472616E73666F726D6174696F6E28647073290A0A64656620746573745F6D696E28293A0A20202020647073203D205B5B313537363736353030303130302C2032302E335D2C205B313537363736353030303230302C202D32302E355D2C205B313537363736353030303330302C2032352E385D5D0A2020202072657475726E206D696E5F7472616E73666F726D6174696F6E28647073290A0A64656620746573745F6576656E28293A0A20202020647073203D205B5B313537363736353030303130302C2032302E335D2C205B313537363736353030303230302C202D32302E355D2C205B313537363736353030303330302C2032352E385D5D0A2020202072657475726E206576656E5F7472616E73666F726D6174696F6E28647073290A0A64656620746573745F6F646428293A0A20202020647073203D205B5B313537363736353030303130302C2032302E335D2C205B313537363736353030303230302C202D32302E355D2C205B313537363736353030303330302C2032352E385D5D0A2020202072657475726E206F64645F7472616E73666F726D6174696F6E28647073290A0A64656620746573745F6661637428293A0A20202020647073203D205B5B313537363736353030303130302C2032302E335D2C205B313537363736353030303230302C202D32302E355D2C205B313537363736353030303330302C2032352E385D5D0A2020202072657475726E20666163745F7472616E73666F726D6174696F6E28647073290A0A64656620746573745F73756D737128293A0A20202020647073203D205B5B313537363736353030303130302C2032302E335D2C205B313537363736353030303230302C202D32302E355D2C205B313537363736353030303330302C2032352E385D5D0A2020202072657475726E2073756D73715F7472616E73666F726D6174696F6E28647073290A0A64656620746573745F726F756E64757028293A0A20202020647073203D205B5B313537363736353030303130302C2032302E335D2C205B313537363736353030303230302C202D32302E355D2C205B313537363736353030303330302C2032352E385D5D0A2020202072657475726E20726F756E6475705F7472616E73666F726D6174696F6E28647073290A0A64656620746573745F726F756E64646F776E28293A0A20202020647073203D205B5B313537363736353030303130302C2032302E335D2C205B313537363736353030303230302C202D32302E355D2C205B313537363736353030303330302C2032352E385D5D0A2020202072657475726E20726F756E64646F776E5F7472616E73666F726D6174696F6E28647073290A64656620746573745F706F77657228293A0A20202020647073203D205B5B313537363736353030303130302C2032302E335D2C205B313537363736353030303230302C202D32302E355D2C205B313537363736353030303330302C2032352E385D5D0A20202020613D2232220A2020202072657475726E20706F7765725F7472616E73666F726D6174696F6E286470732C61290A0A64656620746573745F6365696C696E6728293A0A20202020647073203D205B5B313537363736353030303130302C2032302E335D2C205B313537363736353030303230302C202D32302E355D2C205B313537363736353030303330302C2032352E385D5D0A2020202072657475726E206365696C696E675F7472616E73666F726D6174696F6E286470732C32290A0A64656620746573745F616363756D616C6C28293A0A20202020647073203D205B5B313537363736353030303130302C2032302E335D2C205B313537363736353030303230302C2035305D2C205B313537363736353030303330302C2032352E385D5D0A2020202072657475726E20616363756D75616C6C5F7472616E73666F726D6174696F6E28647073290A0A0A0A0A',NULL,'2020-02-19 08:40:49','2020-02-19 08:40:49');

/*!40000 ALTER TABLE `biz_main_script` ENABLE KEYS */;
UNLOCK TABLES;


# Dump of table biz_main_script_failure
# ------------------------------------------------------------

DROP TABLE IF EXISTS `biz_main_script_failure`;

CREATE TABLE `biz_main_script_failure` (
  `seq` bigint(20) unsigned NOT NULL AUTO_INCREMENT,
  `id` char(65) CHARACTER SET utf8mb4 COLLATE utf8mb4_bin NOT NULL,
  `scriptSetId` char(65) CHARACTER SET utf8mb4 COLLATE utf8mb4_bin NOT NULL COMMENT '脚本集ID',
  `scriptId` char(65) CHARACTER SET utf8mb4 COLLATE utf8mb4_bin NOT NULL COMMENT '脚本ID',
  `scriptPublishVersion` bigint(20) NOT NULL COMMENT '脚本发布版本',
  `funcId` char(65) CHARACTER SET utf8mb4 COLLATE utf8mb4_bin NOT NULL DEFAULT '' COMMENT '函数ID',
  `execMode` varchar(64) CHARACTER SET utf8mb4 COLLATE utf8mb4_bin NOT NULL COMMENT '执行模式 sync|async|crontab',
  `einfoTEXT` text COMMENT '错误信息',
  `exception` varchar(64) DEFAULT NULL COMMENT '异常',
  `traceInfoJSON` json DEFAULT NULL COMMENT '跟踪信息JSON',
  `note` text COMMENT '备注',
  `createTime` timestamp NOT NULL DEFAULT CURRENT_TIMESTAMP,
  `updateTime` timestamp NOT NULL DEFAULT CURRENT_TIMESTAMP ON UPDATE CURRENT_TIMESTAMP,
  PRIMARY KEY (`seq`),
  UNIQUE KEY `ID` (`id`),
  KEY `ENTRY` (`scriptId`,`scriptPublishVersion`,`funcId`),
  KEY `CREATE_TIME` (`createTime`)
) ENGINE=InnoDB DEFAULT CHARSET=utf8mb4 COMMENT='脚本故障信息';



# Dump of table biz_main_script_log
# ------------------------------------------------------------

DROP TABLE IF EXISTS `biz_main_script_log`;

CREATE TABLE `biz_main_script_log` (
  `seq` bigint(20) unsigned NOT NULL AUTO_INCREMENT,
  `id` char(65) CHARACTER SET utf8mb4 COLLATE utf8mb4_bin NOT NULL,
  `scriptSetId` char(65) CHARACTER SET utf8mb4 COLLATE utf8mb4_bin NOT NULL COMMENT '脚本集ID',
  `scriptId` char(65) CHARACTER SET utf8mb4 COLLATE utf8mb4_bin NOT NULL COMMENT '脚本ID',
  `scriptPublishVersion` bigint(20) NOT NULL COMMENT '脚本发布版本',
  `funcId` char(65) CHARACTER SET utf8mb4 COLLATE utf8mb4_bin NOT NULL DEFAULT '' COMMENT '函数ID',
  `execMode` varchar(64) CHARACTER SET utf8mb4 COLLATE utf8mb4_bin NOT NULL COMMENT '执行模式 sync|async|crontab',
  `messageTEXT` text COMMENT '错误信息',
  `createTime` timestamp NOT NULL DEFAULT CURRENT_TIMESTAMP,
  `updateTime` timestamp NOT NULL DEFAULT CURRENT_TIMESTAMP ON UPDATE CURRENT_TIMESTAMP,
  PRIMARY KEY (`seq`),
  UNIQUE KEY `ID` (`id`),
  KEY `ENTRY` (`scriptId`,`scriptPublishVersion`,`funcId`),
  KEY `CREATE_TIME` (`createTime`)
) ENGINE=InnoDB DEFAULT CHARSET=utf8mb4 COMMENT='脚本日志信息';



# Dump of table biz_main_script_publish_history
# ------------------------------------------------------------

DROP TABLE IF EXISTS `biz_main_script_publish_history`;

CREATE TABLE `biz_main_script_publish_history` (
  `seq` bigint(20) unsigned NOT NULL AUTO_INCREMENT,
  `id` char(65) CHARACTER SET utf8mb4 COLLATE utf8mb4_bin NOT NULL,
  `scriptSetId` char(64) CHARACTER SET utf8mb4 COLLATE utf8mb4_bin NOT NULL COMMENT '脚本集ID',
  `scriptId` char(65) CHARACTER SET utf8mb4 COLLATE utf8mb4_bin NOT NULL COMMENT '脚本ID',
  `scriptPublishVersion` bigint(20) NOT NULL COMMENT '脚本发布版本',
  `scriptCode_cache` longtext CHARACTER SET utf8mb4 COLLATE utf8mb4_bin NOT NULL COMMENT '脚本代码（缓存字段）',
  `note` text COMMENT '发布备注',
  `createTime` timestamp NOT NULL DEFAULT CURRENT_TIMESTAMP,
  `updateTime` timestamp NOT NULL DEFAULT CURRENT_TIMESTAMP ON UPDATE CURRENT_TIMESTAMP,
  PRIMARY KEY (`seq`),
  UNIQUE KEY `ID` (`id`),
  UNIQUE KEY `BIZ` (`scriptId`,`scriptPublishVersion`),
  FULLTEXT KEY `FT` (`scriptCode_cache`)
) ENGINE=InnoDB DEFAULT CHARSET=utf8mb4 COMMENT='脚本发布历史';



# Dump of table biz_main_script_recover_point
# ------------------------------------------------------------

DROP TABLE IF EXISTS `biz_main_script_recover_point`;

CREATE TABLE `biz_main_script_recover_point` (
  `seq` bigint(20) unsigned NOT NULL AUTO_INCREMENT,
  `id` char(65) CHARACTER SET utf8mb4 COLLATE utf8mb4_bin NOT NULL,
  `type` varchar(64) NOT NULL COMMENT '类型 publish|import|manual',
  `tableDumpJSON` json NOT NULL COMMENT '表备份数据JSON',
  `note` text COMMENT '备注',
  `createTime` timestamp NOT NULL DEFAULT CURRENT_TIMESTAMP,
  `updateTime` timestamp NOT NULL DEFAULT CURRENT_TIMESTAMP ON UPDATE CURRENT_TIMESTAMP,
  PRIMARY KEY (`seq`)
) ENGINE=InnoDB DEFAULT CHARSET=utf8mb4 COMMENT='脚本还原点';



# Dump of table biz_main_script_set
# ------------------------------------------------------------

DROP TABLE IF EXISTS `biz_main_script_set`;

CREATE TABLE `biz_main_script_set` (
  `seq` bigint(20) unsigned NOT NULL AUTO_INCREMENT,
  `id` char(65) CHARACTER SET utf8mb4 COLLATE utf8mb4_bin NOT NULL,
  `title` varchar(256) DEFAULT NULL COMMENT '标题',
  `description` text COMMENT '描述',
  `refName` varchar(128) CHARACTER SET utf8mb4 COLLATE utf8mb4_bin NOT NULL COMMENT '引用名',
  `type` varchar(64) NOT NULL DEFAULT 'user' COMMENT '类型 user|offical',
  `createTime` timestamp NOT NULL DEFAULT CURRENT_TIMESTAMP,
  `updateTime` timestamp NOT NULL DEFAULT CURRENT_TIMESTAMP ON UPDATE CURRENT_TIMESTAMP,
  PRIMARY KEY (`seq`),
  UNIQUE KEY `ID` (`id`),
  UNIQUE KEY `BIZ` (`refName`)
) ENGINE=InnoDB DEFAULT CHARSET=utf8mb4 COMMENT='脚本集';

LOCK TABLES `biz_main_script_set` WRITE;
/*!40000 ALTER TABLE `biz_main_script_set` DISABLE KEYS */;

INSERT INTO `biz_main_script_set` (`seq`, `id`, `title`, `description`, `refName`, `type`, `createTime`, `updateTime`)
VALUES
  (1,X'737365742D4868716D71625A34333547633354336B336E4D725556','DEMO脚本集','主要用于展示FT.DP 的基本使用',X'64656D6F','user','2019-12-09 15:15:05','2019-12-26 09:59:19'),
  (2,X'737365742D4E574172576D7763474A524B6B63655639717A686551','场景支持','场景支持脚本集',X'66745F6C6962','offical','2020-02-19 08:40:49','2020-02-19 08:40:49');

/*!40000 ALTER TABLE `biz_main_script_set` ENABLE KEYS */;
UNLOCK TABLES;


# Dump of table biz_main_script_set_export_history
# ------------------------------------------------------------

DROP TABLE IF EXISTS `biz_main_script_set_export_history`;

CREATE TABLE `biz_main_script_set_export_history` (
  `seq` bigint(20) unsigned NOT NULL AUTO_INCREMENT,
  `id` char(65) CHARACTER SET utf8mb4 COLLATE utf8mb4_bin NOT NULL,
  `importToken` varchar(64) CHARACTER SET utf8mb4 COLLATE utf8mb4_bin NOT NULL DEFAULT '' COMMENT '导入令牌',
  `exportType` varchar(64) CHARACTER SET utf8mb4 COLLATE utf8mb4_bin NOT NULL DEFAULT '' COMMENT '导出类型 user|offical',
  `operatorName` text COMMENT '操作人',
  `operationNote` text COMMENT '操作备注',
  `summaryJSON` json NOT NULL COMMENT '导出摘要JSON',
  `fileBLOB` blob NOT NULL COMMENT '文件BLOB',
  `createTime` timestamp NOT NULL DEFAULT CURRENT_TIMESTAMP,
  `updateTime` timestamp NOT NULL DEFAULT CURRENT_TIMESTAMP ON UPDATE CURRENT_TIMESTAMP,
  PRIMARY KEY (`seq`),
  UNIQUE KEY `ID` (`id`)
) ENGINE=InnoDB DEFAULT CHARSET=utf8mb4 COMMENT='导出历史';



# Dump of table biz_main_script_set_import_history
# ------------------------------------------------------------

DROP TABLE IF EXISTS `biz_main_script_set_import_history`;

CREATE TABLE `biz_main_script_set_import_history` (
  `seq` bigint(20) unsigned NOT NULL AUTO_INCREMENT,
  `id` char(65) CHARACTER SET utf8mb4 COLLATE utf8mb4_bin NOT NULL,
  `importType` varchar(64) CHARACTER SET utf8mb4 COLLATE utf8mb4_bin NOT NULL COMMENT '导入类型 user|offical',
  `operationNote` text COMMENT '操作备注',
  `summaryJSON` json NOT NULL COMMENT '导出摘要JSON',
  `fileBLOB` blob NOT NULL COMMENT '文件BLOB',
  `isConfirmed` tinyint(1) NOT NULL DEFAULT '0' COMMENT '是否已确认导入',
  `createTime` timestamp NOT NULL DEFAULT CURRENT_TIMESTAMP,
  `updateTime` timestamp NOT NULL DEFAULT CURRENT_TIMESTAMP ON UPDATE CURRENT_TIMESTAMP,
  PRIMARY KEY (`seq`),
  UNIQUE KEY `ID` (`id`)
) ENGINE=InnoDB DEFAULT CHARSET=utf8mb4 COMMENT='导出历史';



# Dump of table biz_main_task_result_data_processor
# ------------------------------------------------------------

DROP TABLE IF EXISTS `biz_main_task_result_data_processor`;

CREATE TABLE `biz_main_task_result_data_processor` (
  `seq` bigint(20) unsigned NOT NULL AUTO_INCREMENT,
  `id` char(65) CHARACTER SET utf8mb4 COLLATE utf8mb4_bin NOT NULL,
  `task` varchar(128) NOT NULL,
  `origin` varchar(128) DEFAULT NULL,
  `startTime` int(11) DEFAULT NULL COMMENT '任务开始时间(秒级UNIX时间戳)',
  `endTime` int(11) DEFAULT NULL COMMENT '任务结束时间(秒级UNIX时间戳)',
  `argsJSON` json DEFAULT NULL COMMENT '列表参数JSON',
  `kwargsJSON` json DEFAULT NULL COMMENT '字典参数JSON',
  `retvalJSON` json DEFAULT NULL COMMENT '执行结果JSON',
  `status` varchar(64) NOT NULL COMMENT '任务状态: SUCCESS|FAILURE',
  `einfoTEXT` text COMMENT '错误信息TEXT',
  `createTime` timestamp NOT NULL DEFAULT CURRENT_TIMESTAMP,
  `updateTime` timestamp NOT NULL DEFAULT CURRENT_TIMESTAMP ON UPDATE CURRENT_TIMESTAMP,
  PRIMARY KEY (`seq`),
  UNIQUE KEY `ID` (`id`),
  KEY `TASK` (`task`),
  KEY `ORIGIN` (`origin`)
) ENGINE=InnoDB DEFAULT CHARSET=utf8mb4 COMMENT='FTDataProcessor 任务结果';



# Dump of table biz_rel_func_df_workspace
# ------------------------------------------------------------

DROP TABLE IF EXISTS `biz_rel_func_df_workspace`;

CREATE TABLE `biz_rel_func_df_workspace` (
  `seq` bigint(20) unsigned NOT NULL AUTO_INCREMENT,
  `funcId` char(64) CHARACTER SET utf8mb4 COLLATE utf8mb4_bin NOT NULL COMMENT '函数ID',
  `dfWorkspaceUUID` char(64) CHARACTER SET utf8mb4 COLLATE utf8mb4_bin NOT NULL COMMENT 'DataFlux 工作空间 UUID',
  `createTime` timestamp NOT NULL DEFAULT CURRENT_TIMESTAMP,
  `updateTime` timestamp NOT NULL DEFAULT CURRENT_TIMESTAMP ON UPDATE CURRENT_TIMESTAMP,
  PRIMARY KEY (`seq`),
  UNIQUE KEY `BIZ` (`funcId`,`dfWorkspaceUUID`)
) ENGINE=InnoDB DEFAULT CHARSET=utf8mb4 COMMENT='函数-DataFlux工作空间关联';



# Dump of table biz_rel_script_running_info
# ------------------------------------------------------------

DROP TABLE IF EXISTS `biz_rel_script_running_info`;

CREATE TABLE `biz_rel_script_running_info` (
  `seq` bigint(20) unsigned NOT NULL AUTO_INCREMENT,
  `scriptSetId` char(64) CHARACTER SET utf8mb4 COLLATE utf8mb4_bin NOT NULL COMMENT '脚本集ID',
  `scriptId` char(65) CHARACTER SET utf8mb4 COLLATE utf8mb4_bin NOT NULL COMMENT '脚本ID',
  `funcId` char(65) CHARACTER SET utf8mb4 COLLATE utf8mb4_bin NOT NULL DEFAULT '' COMMENT '函数ID',
  `execMode` varchar(64) CHARACTER SET utf8mb4 COLLATE utf8mb4_bin NOT NULL COMMENT '执行模式 sync|async|crontab',
  `succeedCount` int(11) NOT NULL DEFAULT '0' COMMENT '成功次数',
  `failCount` int(11) NOT NULL DEFAULT '0' COMMENT '失败次数',
  `minCost` int(11) DEFAULT NULL COMMENT '最小耗时（毫秒）',
  `maxCost` int(11) DEFAULT NULL COMMENT '最大耗时（毫秒）',
  `totalCost` bigint(11) DEFAULT NULL COMMENT '累积耗时（毫秒）',
  `latestCost` int(11) DEFAULT NULL COMMENT '最近消耗（毫秒）',
  `latestSucceedTime` timestamp NULL DEFAULT NULL COMMENT '最近成功时间',
  `latestFailTime` timestamp NULL DEFAULT NULL COMMENT '最近失败时间',
  `status` varchar(64) NOT NULL DEFAULT 'neverStarted' COMMENT '状态 neverStarted|succeed|fail|timeout',
  `createTime` timestamp NOT NULL DEFAULT CURRENT_TIMESTAMP,
  `updateTime` timestamp NOT NULL DEFAULT CURRENT_TIMESTAMP ON UPDATE CURRENT_TIMESTAMP,
  PRIMARY KEY (`seq`),
  UNIQUE KEY `BIZ` (`scriptSetId`,`scriptId`,`funcId`,`execMode`)
) ENGINE=InnoDB DEFAULT CHARSET=utf8mb4 COMMENT='脚本执行信息';



# Dump of table wat_main_access_key
# ------------------------------------------------------------

DROP TABLE IF EXISTS `wat_main_access_key`;

CREATE TABLE `wat_main_access_key` (
  `seq` bigint(20) unsigned NOT NULL AUTO_INCREMENT,
  `id` char(65) CHARACTER SET utf8mb4 COLLATE utf8mb4_bin NOT NULL,
  `organizationId` char(65) CHARACTER SET utf8mb4 COLLATE utf8mb4_bin NOT NULL,
  `userId` char(65) CHARACTER SET utf8mb4 COLLATE utf8mb4_bin NOT NULL,
  `name` varchar(256) NOT NULL,
  `secret` varchar(64) NOT NULL,
  `webhookURL` text,
  `webhookEvents` text,
  `allowWebhookEcho` tinyint(1) NOT NULL DEFAULT '0',
  `createTime` timestamp NOT NULL DEFAULT CURRENT_TIMESTAMP,
  `updateTime` timestamp NOT NULL DEFAULT CURRENT_TIMESTAMP ON UPDATE CURRENT_TIMESTAMP,
  PRIMARY KEY (`seq`),
  UNIQUE KEY `ID` (`id`),
  KEY `ORGANIZATION_ID` (`organizationId`),
  KEY `USER_ID` (`userId`)
) ENGINE=InnoDB DEFAULT CHARSET=utf8mb4;



# Dump of table wat_main_file
# ------------------------------------------------------------

DROP TABLE IF EXISTS `wat_main_file`;

CREATE TABLE `wat_main_file` (
  `seq` bigint(20) unsigned NOT NULL AUTO_INCREMENT,
  `id` char(65) CHARACTER SET utf8mb4 COLLATE utf8mb4_bin NOT NULL,
  `organizationId` char(65) CHARACTER SET utf8mb4 COLLATE utf8mb4_bin DEFAULT NULL,
  `userId` char(65) CHARACTER SET utf8mb4 COLLATE utf8mb4_bin DEFAULT NULL,
  `originalFileName` text,
  `md5Sum` char(32) DEFAULT NULL,
  `byteSize` int(11) DEFAULT NULL,
  `note` text,
  `createTime` timestamp NOT NULL DEFAULT CURRENT_TIMESTAMP,
  `updateTime` timestamp NOT NULL DEFAULT CURRENT_TIMESTAMP ON UPDATE CURRENT_TIMESTAMP,
  PRIMARY KEY (`seq`),
  UNIQUE KEY `ID` (`id`),
  KEY `ORGANIZATION_ID` (`organizationId`),
  KEY `USER_ID` (`userId`)
) ENGINE=InnoDB DEFAULT CHARSET=utf8mb4;



# Dump of table wat_main_organization
# ------------------------------------------------------------

DROP TABLE IF EXISTS `wat_main_organization`;

CREATE TABLE `wat_main_organization` (
  `seq` bigint(20) unsigned NOT NULL AUTO_INCREMENT,
  `id` char(65) CHARACTER SET utf8mb4 COLLATE utf8mb4_bin NOT NULL,
  `uniqueId` varchar(64) CHARACTER SET utf8mb4 COLLATE utf8mb4_bin DEFAULT NULL,
  `name` varchar(256) NOT NULL,
  `markers` text,
  `isDisabled` tinyint(1) NOT NULL DEFAULT '0',
  `createTime` timestamp NOT NULL DEFAULT CURRENT_TIMESTAMP,
  `updateTime` timestamp NOT NULL DEFAULT CURRENT_TIMESTAMP ON UPDATE CURRENT_TIMESTAMP,
  PRIMARY KEY (`seq`),
  UNIQUE KEY `ID` (`id`),
  UNIQUE KEY `UNIQUE_ID` (`uniqueId`)
) ENGINE=InnoDB DEFAULT CHARSET=utf8mb4;

LOCK TABLES `wat_main_organization` WRITE;
/*!40000 ALTER TABLE `wat_main_organization` DISABLE KEYS */;

INSERT INTO `wat_main_organization` (`seq`, `id`, `uniqueId`, `name`, `markers`, `isDisabled`, `createTime`, `updateTime`)
VALUES
  (1,X'6F2D737973',X'73797374656D','System Organization',NULL,0,'2017-07-28 18:08:03','2018-05-24 00:47:06');

/*!40000 ALTER TABLE `wat_main_organization` ENABLE KEYS */;
UNLOCK TABLES;


# Dump of table wat_main_post
# ------------------------------------------------------------

DROP TABLE IF EXISTS `wat_main_post`;

CREATE TABLE `wat_main_post` (
  `seq` bigint(20) unsigned NOT NULL AUTO_INCREMENT,
  `id` char(65) CHARACTER SET utf8mb4 COLLATE utf8mb4_bin NOT NULL,
  `organizationId` char(65) CHARACTER SET utf8mb4 COLLATE utf8mb4_bin DEFAULT NULL,
  `userId` char(65) CHARACTER SET utf8mb4 COLLATE utf8mb4_bin NOT NULL,
  `title` varchar(256) NOT NULL,
  `content` text,
  `createTime` timestamp NOT NULL DEFAULT CURRENT_TIMESTAMP,
  `updateTime` timestamp NOT NULL DEFAULT CURRENT_TIMESTAMP ON UPDATE CURRENT_TIMESTAMP,
  PRIMARY KEY (`seq`),
  UNIQUE KEY `ID` (`id`),
  KEY `ORGANIZATION_ID` (`organizationId`),
  KEY `USER_ID` (`userId`)
) ENGINE=InnoDB DEFAULT CHARSET=utf8mb4;



# Dump of table wat_main_system_config
# ------------------------------------------------------------

DROP TABLE IF EXISTS `wat_main_system_config`;

CREATE TABLE `wat_main_system_config` (
  `seq` bigint(20) unsigned NOT NULL AUTO_INCREMENT,
  `id` char(65) CHARACTER SET utf8mb4 COLLATE utf8mb4_bin NOT NULL,
  `value` text CHARACTER SET utf8mb4 COLLATE utf8mb4_bin NOT NULL COMMENT '值',
  `createTime` timestamp NOT NULL DEFAULT CURRENT_TIMESTAMP,
  `updateTime` timestamp NOT NULL DEFAULT CURRENT_TIMESTAMP ON UPDATE CURRENT_TIMESTAMP,
  PRIMARY KEY (`seq`),
  UNIQUE KEY `ID` (`id`)
) ENGINE=InnoDB DEFAULT CHARSET=utf8mb4;



# Dump of table wat_main_task_result_example
# ------------------------------------------------------------

DROP TABLE IF EXISTS `wat_main_task_result_example`;

CREATE TABLE `wat_main_task_result_example` (
  `seq` bigint(20) unsigned NOT NULL AUTO_INCREMENT,
  `id` char(65) CHARACTER SET utf8mb4 COLLATE utf8mb4_bin NOT NULL,
  `task` varchar(128) NOT NULL,
  `origin` varchar(128) DEFAULT NULL,
  `startTime` int(11) DEFAULT NULL,
  `endTime` int(11) DEFAULT NULL,
  `argsJSON` text,
  `kwargsJSON` text,
  `retvalJSON` text,
  `status` varchar(64) NOT NULL,
  `einfoTEXT` text,
  `createTime` timestamp NOT NULL DEFAULT CURRENT_TIMESTAMP,
  `updateTime` timestamp NOT NULL DEFAULT CURRENT_TIMESTAMP ON UPDATE CURRENT_TIMESTAMP,
  PRIMARY KEY (`seq`),
  UNIQUE KEY `ID` (`id`),
  KEY `TASK` (`task`),
  KEY `ORIGIN` (`origin`)
) ENGINE=InnoDB DEFAULT CHARSET=utf8mb4;



# Dump of table wat_main_user
# ------------------------------------------------------------

DROP TABLE IF EXISTS `wat_main_user`;

CREATE TABLE `wat_main_user` (
  `seq` bigint(20) unsigned NOT NULL AUTO_INCREMENT,
  `id` char(65) CHARACTER SET utf8mb4 COLLATE utf8mb4_bin NOT NULL,
  `organizationId` char(65) CHARACTER SET utf8mb4 COLLATE utf8mb4_bin DEFAULT NULL,
  `username` varchar(64) NOT NULL,
  `passwordHash` text,
  `name` varchar(256) DEFAULT NULL,
  `mobile` varchar(32) DEFAULT NULL,
  `markers` text,
  `roles` text,
  `customPrivileges` text,
  `isDisabled` tinyint(1) NOT NULL DEFAULT '0',
  `createTime` timestamp NOT NULL DEFAULT CURRENT_TIMESTAMP,
  `updateTime` timestamp NOT NULL DEFAULT CURRENT_TIMESTAMP ON UPDATE CURRENT_TIMESTAMP,
  PRIMARY KEY (`seq`),
  UNIQUE KEY `ID` (`id`),
  UNIQUE KEY `USERNAME` (`username`),
  KEY `ORGANIZATION_ID` (`organizationId`)
) ENGINE=InnoDB DEFAULT CHARSET=utf8mb4;

LOCK TABLES `wat_main_user` WRITE;
/*!40000 ALTER TABLE `wat_main_user` DISABLE KEYS */;

INSERT INTO `wat_main_user` (`seq`, `id`, `organizationId`, `username`, `passwordHash`, `name`, `mobile`, `markers`, `roles`, `customPrivileges`, `isDisabled`, `createTime`, `updateTime`)
VALUES
  (1,X'752D61646D696E',X'6F2D737973','admin','03449cf93ebd8f67f652f9a82b2148380b2597eedd777963245472be3311e75f3ae516244b6d7648b9b044e2523c2840bdf86a852037db7e58e9b216539b2d21','系统管理员',NULL,NULL,'sa','*',0,'2017-07-28 18:08:03','2019-02-25 03:19:24');

/*!40000 ALTER TABLE `wat_main_user` ENABLE KEYS */;
UNLOCK TABLES;


# Dump of table wat_ref_tag
# ------------------------------------------------------------

DROP TABLE IF EXISTS `wat_ref_tag`;

CREATE TABLE `wat_ref_tag` (
  `seq` bigint(20) unsigned NOT NULL AUTO_INCREMENT,
  `entityId` char(65) CHARACTER SET utf8mb4 COLLATE utf8mb4_bin NOT NULL,
  `entityName` varchar(64) NOT NULL,
  `tagK` varchar(64) CHARACTER SET utf8mb4 COLLATE utf8mb4_bin DEFAULT NULL,
  `tagV` text,
  `createTime` timestamp NOT NULL DEFAULT CURRENT_TIMESTAMP,
  `updateTime` timestamp NOT NULL DEFAULT CURRENT_TIMESTAMP ON UPDATE CURRENT_TIMESTAMP,
  PRIMARY KEY (`seq`),
  UNIQUE KEY `TAG` (`entityId`,`tagK`),
  KEY `ENTITY_ID` (`entityId`),
  KEY `TAG_K` (`tagK`)
) ENGINE=InnoDB DEFAULT CHARSET=utf8mb4;




/*!40111 SET SQL_NOTES=@OLD_SQL_NOTES */;
/*!40101 SET SQL_MODE=@OLD_SQL_MODE */;
/*!40014 SET FOREIGN_KEY_CHECKS=@OLD_FOREIGN_KEY_CHECKS */;
/*!40101 SET CHARACTER_SET_CLIENT=@OLD_CHARACTER_SET_CLIENT */;
/*!40101 SET CHARACTER_SET_RESULTS=@OLD_CHARACTER_SET_RESULTS */;
/*!40101 SET COLLATION_CONNECTION=@OLD_COLLATION_CONNECTION */;
